-- MySQL dump 10.13  Distrib 5.6.23, for Win32 (x86)
--
-- Host: localhost    Database: dms
-- ------------------------------------------------------
-- Server version	5.6.21

/*!40101 SET @OLD_CHARACTER_SET_CLIENT=@@CHARACTER_SET_CLIENT */;
/*!40101 SET @OLD_CHARACTER_SET_RESULTS=@@CHARACTER_SET_RESULTS */;
/*!40101 SET @OLD_COLLATION_CONNECTION=@@COLLATION_CONNECTION */;
/*!40101 SET NAMES utf8 */;
/*!40103 SET @OLD_TIME_ZONE=@@TIME_ZONE */;
/*!40103 SET TIME_ZONE='+00:00' */;
/*!40014 SET @OLD_UNIQUE_CHECKS=@@UNIQUE_CHECKS, UNIQUE_CHECKS=0 */;
/*!40014 SET @OLD_FOREIGN_KEY_CHECKS=@@FOREIGN_KEY_CHECKS, FOREIGN_KEY_CHECKS=0 */;
/*!40101 SET @OLD_SQL_MODE=@@SQL_MODE, SQL_MODE='NO_AUTO_VALUE_ON_ZERO' */;
/*!40111 SET @OLD_SQL_NOTES=@@SQL_NOTES, SQL_NOTES=0 */;

--
-- Table structure for table `databasechangelog`
--

DROP TABLE IF EXISTS `databasechangelog`;
/*!40101 SET @saved_cs_client     = @@character_set_client */;
/*!40101 SET character_set_client = utf8 */;
CREATE TABLE `databasechangelog` (
  `ID` varchar(255) NOT NULL,
  `AUTHOR` varchar(255) NOT NULL,
  `FILENAME` varchar(255) NOT NULL,
  `DATEEXECUTED` datetime NOT NULL,
  `ORDEREXECUTED` int(11) NOT NULL,
  `EXECTYPE` varchar(10) NOT NULL,
  `MD5SUM` varchar(35) DEFAULT NULL,
  `DESCRIPTION` varchar(255) DEFAULT NULL,
  `COMMENTS` varchar(255) DEFAULT NULL,
  `TAG` varchar(255) DEFAULT NULL,
  `LIQUIBASE` varchar(20) DEFAULT NULL,
  `CONTEXTS` varchar(255) DEFAULT NULL,
  `LABELS` varchar(255) DEFAULT NULL,
  `DEPLOYMENT_ID` varchar(10) DEFAULT NULL
) ENGINE=InnoDB DEFAULT CHARSET=latin1;
/*!40101 SET character_set_client = @saved_cs_client */;

--
-- Dumping data for table `databasechangelog`
--

LOCK TABLES `databasechangelog` WRITE;
/*!40000 ALTER TABLE `databasechangelog` DISABLE KEYS */;
INSERT INTO `databasechangelog` VALUES ('sqlFile-example9','liquibase-docs','src/main/resources/db_change.xml','2017-05-23 00:07:58',1,'EXECUTED','7:491614347655f0ab7468af235e17ae91','sqlFile','',NULL,'3.5.3',NULL,NULL,'5478278041'),('10','liquibase-docs','src/main/resources/db_change.xml','2017-05-23 00:11:18',2,'EXECUTED','7:5687fedaa4658cc5c6d6f7fbd20b8f4f','sqlFile','',NULL,'3.5.3',NULL,NULL,'5478478870'),('11','liquibase-docs','src/main/resources/db_change.xml','2017-05-23 00:13:38',3,'EXECUTED','7:5687fedaa4658cc5c6d6f7fbd20b8f4f','sqlFile','',NULL,'3.5.3',NULL,NULL,'5478618480'),('12','liquibase-docs','src/main/resources/db_change.xml','2017-05-23 00:15:06',4,'EXECUTED','7:8c5b5eb7bcaf52ed479bb554d3db50e0','sqlFile','',NULL,'3.5.3',NULL,NULL,'5478706703'),('15','liquibase-docs','patch.xml','2017-05-23 00:18:38',5,'EXECUTED','7:8c5b5eb7bcaf52ed479bb554d3db50e0','sqlFile','',NULL,'3.5.3',NULL,NULL,'5478918156'),('19','liquibase-docs','patch.xml','2017-05-23 00:21:02',6,'EXECUTED','7:8c5b5eb7bcaf52ed479bb554d3db50e0','sqlFile','',NULL,'3.5.3',NULL,NULL,'5479062660'),('20','liquibase-docs','patch.xml','2017-05-23 00:22:22',7,'EXECUTED','7:83e2769ca9301516cd7326c0d7a7bbe5','sqlFile','',NULL,'3.5.3',NULL,NULL,'5479142089'),('21','liquibase-docs','patch.xml','2017-05-23 00:31:50',8,'EXECUTED','7:83e2769ca9301516cd7326c0d7a7bbe5','sqlFile','',NULL,'3.5.3',NULL,NULL,'5479710964'),('23','liquibase-docs','patch.xml','2017-05-23 00:35:01',9,'EXECUTED','7:83e2769ca9301516cd7326c0d7a7bbe5','sqlFile','',NULL,'3.5.3',NULL,NULL,'5479901500'),('231','liquibase-docs','patch.xml','2017-05-23 00:36:19',10,'EXECUTED','7:83e2769ca9301516cd7326c0d7a7bbe5','sqlFile','',NULL,'3.5.3',NULL,NULL,'5479979119'),('223','indira','patch.xml','2017-05-23 00:36:19',11,'EXECUTED','7:3ab60d6e592ab93b2c90c816ce011023','createTable tableName=Department','',NULL,'3.5.3',NULL,NULL,'5479979119'),('235','liquibase-docs','patch.xml','2017-05-23 00:38:36',12,'EXECUTED','7:bd2c92441448c9fb8609b5b3f18154db','sqlFile','',NULL,'3.5.3',NULL,NULL,'5480116765'),('236','liquibase-docs','patch.xml','2017-05-23 00:40:04',13,'EXECUTED','7:e429db687f05b9d83dcc657b502bea7a','sqlFile','',NULL,'3.5.3',NULL,NULL,'5480204588'),('237','liquibase-docs','patch.xml','2017-05-23 00:43:19',14,'EXECUTED','7:2d7ed84b8cca1de6260f42f8e84b145b','sqlFile','',NULL,'3.5.3',NULL,NULL,'5480399844'),('238','liquibase-docs','patch.xml','2017-05-23 00:44:57',15,'EXECUTED','7:2d7ed84b8cca1de6260f42f8e84b145b','sqlFile','',NULL,'3.5.3',NULL,NULL,'5480497688'),('239','liquibase-docs','patch.xml','2017-05-23 00:47:03',16,'EXECUTED','7:bd2c92441448c9fb8609b5b3f18154db','sqlFile','',NULL,'3.5.3',NULL,NULL,'5480623641'),('240','liquibase-docs','patch.xml','2017-05-23 00:47:51',17,'EXECUTED','7:b5f04ab8b35225348aad85af7238d8b0','sqlFile','',NULL,'3.5.3',NULL,NULL,'5480671223'),('241','liquibase-docs','patch.xml','2017-05-23 00:49:49',18,'EXECUTED','7:b5f04ab8b35225348aad85af7238d8b0','sqlFile','',NULL,'3.5.3',NULL,NULL,'5480789037'),('242','liquibase-docs','patch.xml','2017-05-23 00:51:42',19,'EXECUTED','7:bd2c92441448c9fb8609b5b3f18154db','sqlFile','',NULL,'3.5.3',NULL,NULL,'5480902558'),('244','liquibase-docs','patch.xml','2017-05-23 00:54:26',20,'EXECUTED','7:bd2c92441448c9fb8609b5b3f18154db','sqlFile','',NULL,'3.5.3',NULL,NULL,'5481065833'),('245','liquibase-docs','patch.xml','2017-05-23 01:06:22',21,'EXECUTED','7:e8b08b115ad45277e79dc46e68c0125f','sqlFile','',NULL,'3.5.3',NULL,NULL,'5481781656');
/*!40000 ALTER TABLE `databasechangelog` ENABLE KEYS */;
UNLOCK TABLES;

--
-- Table structure for table `databasechangeloglock`
--

DROP TABLE IF EXISTS `databasechangeloglock`;
/*!40101 SET @saved_cs_client     = @@character_set_client */;
/*!40101 SET character_set_client = utf8 */;
CREATE TABLE `databasechangeloglock` (
  `ID` int(11) NOT NULL,
  `LOCKED` bit(1) NOT NULL,
  `LOCKGRANTED` datetime DEFAULT NULL,
  `LOCKEDBY` varchar(255) DEFAULT NULL,
  PRIMARY KEY (`ID`)
) ENGINE=InnoDB DEFAULT CHARSET=latin1;
/*!40101 SET character_set_client = @saved_cs_client */;

--
-- Dumping data for table `databasechangeloglock`
--

LOCK TABLES `databasechangeloglock` WRITE;
/*!40000 ALTER TABLE `databasechangeloglock` DISABLE KEYS */;
INSERT INTO `databasechangeloglock` VALUES (1,'\0',NULL,NULL);
/*!40000 ALTER TABLE `databasechangeloglock` ENABLE KEYS */;
UNLOCK TABLES;

--
-- Table structure for table `department`
--

DROP TABLE IF EXISTS `department`;
/*!40101 SET @saved_cs_client     = @@character_set_client */;
/*!40101 SET character_set_client = utf8 */;
CREATE TABLE `department` (
  `deptid` int(11) NOT NULL AUTO_INCREMENT,
  `deptname` varchar(50) DEFAULT NULL,
  `deptlocation` varchar(50) NOT NULL,
  PRIMARY KEY (`deptid`)
) ENGINE=InnoDB DEFAULT CHARSET=latin1;
/*!40101 SET character_set_client = @saved_cs_client */;

--
-- Dumping data for table `department`
--

LOCK TABLES `department` WRITE;
/*!40000 ALTER TABLE `department` DISABLE KEYS */;
/*!40000 ALTER TABLE `department` ENABLE KEYS */;
UNLOCK TABLES;

--
-- Table structure for table `dms_audit`
--

DROP TABLE IF EXISTS `dms_audit`;
/*!40101 SET @saved_cs_client     = @@character_set_client */;
/*!40101 SET character_set_client = utf8 */;
CREATE TABLE `dms_audit` (
  `row_id` int(11) NOT NULL AUTO_INCREMENT,
  `record_type` varchar(255) DEFAULT NULL,
  `gut_no` varchar(255) DEFAULT NULL,
  `rack_no` varchar(255) DEFAULT NULL,
  `doc_no` varchar(255) DEFAULT NULL,
  `vibhag_sanketik_no` varchar(255) DEFAULT NULL,
  `up_vibhag_sanketik_no` varchar(255) DEFAULT NULL,
  `gatta_no` varchar(255) DEFAULT NULL,
  `file_name` varchar(255) DEFAULT NULL,
  `year` varchar(255) DEFAULT NULL,
  `image_path` varchar(255) DEFAULT NULL,
  PRIMARY KEY (`row_id`)
) ENGINE=InnoDB AUTO_INCREMENT=4 DEFAULT CHARSET=latin1;
/*!40101 SET character_set_client = @saved_cs_client */;

--
-- Dumping data for table `dms_audit`
--

LOCK TABLES `dms_audit` WRITE;
/*!40000 ALTER TABLE `dms_audit` DISABLE KEYS */;
INSERT INTO `dms_audit` VALUES (1,'A','1','2','524','45','23','1','ABC','1995','June_2016 - Copy'),(2,'A','1','2','525','56','48','1','PQR','1996','Nigdi Pradhikaran Vibhag Karyalay_525'),(3,'A','1','2','1638','486','89','1','XYZ','2002','Nigdi Pradhikaran Vibhag Karyalay_1638');
/*!40000 ALTER TABLE `dms_audit` ENABLE KEYS */;
UNLOCK TABLES;

--
-- Table structure for table `dms_building_permission`
--

DROP TABLE IF EXISTS `dms_building_permission`;
/*!40101 SET @saved_cs_client     = @@character_set_client */;
/*!40101 SET character_set_client = utf8 */;
CREATE TABLE `dms_building_permission` (
  `row_id` int(11) NOT NULL AUTO_INCREMENT,
  `village_name` varchar(100) DEFAULT NULL,
  `serve_no` varchar(100) DEFAULT NULL,
  `architect_name` varchar(100) DEFAULT NULL,
  `owner_name` varchar(100) DEFAULT NULL,
  `building_permission_no` varchar(100) DEFAULT NULL,
  `gatta_no` varchar(100) DEFAULT NULL,
  `file_name` varchar(100) DEFAULT NULL,
  `year` varchar(100) DEFAULT NULL,
  `image_path` varchar(500) DEFAULT NULL,
  PRIMARY KEY (`row_id`)
) ENGINE=InnoDB AUTO_INCREMENT=2 DEFAULT CHARSET=latin1;
/*!40101 SET character_set_client = @saved_cs_client */;

--
-- Dumping data for table `dms_building_permission`
--

LOCK TABLES `dms_building_permission` WRITE;
/*!40000 ALTER TABLE `dms_building_permission` DISABLE KEYS */;
INSERT INTO `dms_building_permission` VALUES (1,'Akurdi','4399','Atul Bhodve','Maruti Datir','BP/AK/23/2006','1','ABC','2016','BP-Ak-13-2009');
/*!40000 ALTER TABLE `dms_building_permission` ENABLE KEYS */;
UNLOCK TABLES;

--
-- Table structure for table `dms_dept`
--

DROP TABLE IF EXISTS `dms_dept`;
/*!40101 SET @saved_cs_client     = @@character_set_client */;
/*!40101 SET character_set_client = utf8 */;
CREATE TABLE `dms_dept` (
  `dept_id` int(11) NOT NULL AUTO_INCREMENT,
  `dept_name` varchar(255) DEFAULT NULL,
  `tbl_name` varchar(255) DEFAULT NULL,
  `route_url` varchar(100) DEFAULT NULL,
  PRIMARY KEY (`dept_id`)
) ENGINE=InnoDB AUTO_INCREMENT=8 DEFAULT CHARSET=latin1;
/*!40101 SET character_set_client = @saved_cs_client */;

--
-- Dumping data for table `dms_dept`
--

LOCK TABLES `dms_dept` WRITE;
/*!40000 ALTER TABLE `dms_dept` DISABLE KEYS */;
INSERT INTO `dms_dept` VALUES (1,'law','dms_law','law'),(2,'Building Permission','dms_building_permission','bup'),(3,'Audit','dms_audit','audit'),(4,'Property Tax','dms_property_tax','propTax'),(5,'Admin Panel','admin','admin'),(6,'Manpa Bhavan','manpa bhavan','manpaBhavan'),(7,'School','school','school');
/*!40000 ALTER TABLE `dms_dept` ENABLE KEYS */;
UNLOCK TABLES;

--
-- Table structure for table `dms_dept_field`
--

DROP TABLE IF EXISTS `dms_dept_field`;
/*!40101 SET @saved_cs_client     = @@character_set_client */;
/*!40101 SET character_set_client = utf8 */;
CREATE TABLE `dms_dept_field` (
  `field_id` int(11) NOT NULL AUTO_INCREMENT,
  `field_area` int(11) DEFAULT NULL,
  `field_display_order` int(11) DEFAULT NULL,
  `field_form_name` varchar(255) DEFAULT NULL,
  `field_label_name` varchar(255) DEFAULT NULL,
  `field_name` varchar(255) DEFAULT NULL,
  `field_type` varchar(255) DEFAULT NULL,
  `dept_id` int(11) DEFAULT NULL,
  PRIMARY KEY (`field_id`),
  KEY `FK_7jym9hdg4nims1hi9uwnfl39h` (`dept_id`),
  CONSTRAINT `FK_7jym9hdg4nims1hi9uwnfl39h` FOREIGN KEY (`dept_id`) REFERENCES `dms_dept` (`dept_id`)
) ENGINE=InnoDB AUTO_INCREMENT=11 DEFAULT CHARSET=latin1;
/*!40101 SET character_set_client = @saved_cs_client */;

--
-- Dumping data for table `dms_dept_field`
--

LOCK TABLES `dms_dept_field` WRITE;
/*!40000 ALTER TABLE `dms_dept_field` DISABLE KEYS */;
INSERT INTO `dms_dept_field` VALUES (1,1,1,'form_1','&#2325;&#2379;&#2352;&#2381;&#2335; &#2344;&#2366;&#2357;','court_name','select',1),(2,1,2,'form_2','&#2357;&#2352;&#2381;&#2359;','year','select',1),(3,1,3,'form_3','&#2325;&#2375;&#2360; &#2344;&#2306;&#2348;&#2352;','case_number','text',1),(4,1,1,'form_1','&#2327;&#2366;&#2357;','village_name','select',2),(5,1,2,'form_2','&#2360;&#2352;&#2381;&#2357;&#2375; &#2344;&#2306;&#2348;&#2352;','survey_number','text',2),(6,1,3,'form_3','&#2357;&#2352;&#2381;&#2359;','year','select',2),(7,1,1,'form_1','&#2327;&#2335; &#2344;&#2306;&#2348;&#2352;','gut_no','select',3),(8,1,2,'form_2','&#2352;&#2373;&#2325; &#2344;&#2306;&#2348;&#2352;','rack_no','select',3),(9,1,3,'form_3','&#2337;&#2377;&#2325; &#2344;&#2306;&#2348;&#2352;','doc_no','text',3),(10,1,4,'form_4','&#2357;&#2352;&#2381;&#2359;','year','select',3);
/*!40000 ALTER TABLE `dms_dept_field` ENABLE KEYS */;
UNLOCK TABLES;

--
-- Table structure for table `dms_dept_login`
--

DROP TABLE IF EXISTS `dms_dept_login`;
/*!40101 SET @saved_cs_client     = @@character_set_client */;
/*!40101 SET character_set_client = utf8 */;
CREATE TABLE `dms_dept_login` (
  `login_id` int(11) NOT NULL AUTO_INCREMENT,
  `user_name` varchar(100) DEFAULT NULL,
  `user_pwd` varchar(100) DEFAULT NULL,
  `dept_id` int(11) DEFAULT NULL,
  `print` tinyint(1) DEFAULT NULL,
  `download` tinyint(1) DEFAULT NULL,
  `update_file` tinyint(1) DEFAULT NULL,
  `mandatory_pwd` tinyint(1) DEFAULT NULL,
  PRIMARY KEY (`login_id`),
  KEY `dept_id` (`dept_id`),
  CONSTRAINT `dms_dept_login_ibfk_1` FOREIGN KEY (`dept_id`) REFERENCES `dms_dept` (`dept_id`) ON UPDATE CASCADE
) ENGINE=InnoDB AUTO_INCREMENT=7 DEFAULT CHARSET=latin1;
/*!40101 SET character_set_client = @saved_cs_client */;

--
-- Dumping data for table `dms_dept_login`
--

LOCK TABLES `dms_dept_login` WRITE;
/*!40000 ALTER TABLE `dms_dept_login` DISABLE KEYS */;
INSERT INTO `dms_dept_login` VALUES (1,'law','law',1,0,0,1,0),(2,'bup','bup',2,1,1,0,0),(3,'audit','audit',3,1,1,1,1),(4,'property_tax','123',4,1,1,1,1),(5,'admin','admin',5,1,0,0,1),(6,'bup1','bup',2,0,0,0,0);
/*!40000 ALTER TABLE `dms_dept_login` ENABLE KEYS */;
UNLOCK TABLES;

--
-- Table structure for table `dms_law`
--

DROP TABLE IF EXISTS `dms_law`;
/*!40101 SET @saved_cs_client     = @@character_set_client */;
/*!40101 SET character_set_client = utf8 */;
CREATE TABLE `dms_law` (
  `row_id` int(11) NOT NULL AUTO_INCREMENT,
  `case_no` varchar(255) DEFAULT NULL,
  `court_name` varchar(255) DEFAULT NULL,
  `gatta_no` varchar(255) DEFAULT NULL,
  `file_name` varchar(255) DEFAULT NULL,
  `year` varchar(255) DEFAULT NULL,
  `image_path` varchar(255) DEFAULT NULL,
  PRIMARY KEY (`row_id`)
) ENGINE=InnoDB AUTO_INCREMENT=174 DEFAULT CHARSET=latin1;
/*!40101 SET character_set_client = @saved_cs_client */;

--
-- Dumping data for table `dms_law`
--

LOCK TABLES `dms_law` WRITE;
/*!40000 ALTER TABLE `dms_law` DISABLE KEYS */;
INSERT INTO `dms_law` VALUES (1,'CP-216-2001','HIGH COURT',NULL,NULL,NULL,'CP-216-2001'),(2,'WP-486-2001','HIGH COURT',NULL,NULL,NULL,'WP-486-2001'),(3,'WP-1618-2001','HIGH COURT',NULL,NULL,NULL,'WP-1618-2001'),(4,'WP-1948-2001','HIGH COURT',NULL,NULL,NULL,'WP-1948-2001'),(5,'WP-3805-2001','HIGH COURT',NULL,NULL,NULL,'WP-3805-2001'),(6,'WP-3972-2001','HIGH COURT',NULL,NULL,NULL,'WP-3972-2001'),(7,'WP-4371-2001','HIGH COURT',NULL,NULL,NULL,'WP-4371-2001'),(8,'WP-4633-2001','HIGH COURT',NULL,NULL,NULL,'WP-4633-2001'),(9,'WP-4779-2001','HIGH COURT',NULL,NULL,NULL,'WP-4779-2001'),(10,'WP-6039-2001','HIGH COURT',NULL,NULL,NULL,'WP-6039-2001'),(11,'CRA.1408-2001','HIGH COURT',NULL,NULL,NULL,'CRA.1408-2001'),(12,'P.I.L.8-2001','HIGH COURT',NULL,NULL,NULL,'P.I.L.8-2001'),(13,'W.P.939-2001','HIGH COURT',NULL,NULL,NULL,'W.P.939-2001'),(14,'W.P.1021-2001','HIGH COURT',NULL,NULL,NULL,'W.P.1021-2001'),(15,'W.P.1329-2001','HIGH COURT',NULL,NULL,NULL,'W.P.1329-2001'),(16,'W.P.1599-2001','HIGH COURT',NULL,NULL,NULL,'W.P.1599-2001'),(17,'W.P.1766-2001','HIGH COURT',NULL,NULL,NULL,'W.P.1766-2001'),(18,'W.P.2193-2001','HIGH COURT',NULL,NULL,NULL,'W.P.2193-2001'),(19,'W.P.5490-2001','HIGH COURT',NULL,NULL,NULL,'W.P.5490-2001'),(20,'W.P.5547-2001','HIGH COURT',NULL,NULL,NULL,'W.P.5547-2001'),(21,'FA-1059-2001','HIGH COURT',NULL,NULL,NULL,'FA-1059-2001'),(22,'PIL-36-2002','HIGH COURT',NULL,NULL,NULL,'PIL-36-2002'),(23,'PIL-37-2002','HIGH COURT',NULL,NULL,NULL,'PIL-37-2002'),(24,'WP-254-2002','HIGH COURT',NULL,NULL,NULL,'WP-254-2002'),(25,'WP-1808-2001','HIGH COURT',NULL,NULL,NULL,'WP-1808-2001'),(26,'WP-2937-2001','HIGH COURT',NULL,NULL,NULL,'WP-2937-2001'),(27,'WP-4024-2002','HIGH COURT',NULL,NULL,NULL,'WP-4024-2002'),(28,'WP-5389-2002','HIGH COURT',NULL,NULL,NULL,'WP-5389-2002'),(29,'WP-5429-2002','HIGH COURT',NULL,NULL,NULL,'WP-5429-2002'),(30,'WP-6153-2002','HIGH COURT',NULL,NULL,NULL,'WP-6153-2002'),(31,'W.P.4565..1999','HIGH COURT',NULL,NULL,NULL,'W.P.4565..1999'),(32,'W.P.2549..1999','HIGH COURT',NULL,NULL,NULL,'W.P.2549..1999'),(33,'W.P_1988..1999','HIGH COURT',NULL,NULL,NULL,'W.P_1988..1999'),(34,'A.O.921..1999','HIGH COURT',NULL,NULL,NULL,'A.O.921..1999'),(35,'W.P.7311..1999','HIGH COURT',NULL,NULL,NULL,'W.P.7311..1999'),(36,'101-89',' AKURDI COURT',NULL,NULL,NULL,'101-89'),(37,'1027-89',' AKURDI COURT',NULL,NULL,NULL,'1027-89'),(38,'1053-81',' AKURDI COURT',NULL,NULL,NULL,'1053-81'),(39,'1076-89',' AKURDI COURT',NULL,NULL,NULL,'1076-89'),(40,'1077-89',' AKURDI COURT',NULL,NULL,NULL,'1077-89'),(41,'1139-89',' AKURDI COURT',NULL,NULL,NULL,'1139-89'),(42,'1181-86',' AKURDI COURT',NULL,NULL,NULL,'1181-86'),(43,'1217-89',' AKURDI COURT',NULL,NULL,NULL,'1217-89'),(44,'1233-81',' AKURDI COURT',NULL,NULL,NULL,'1233-81'),(45,'1260-89',' AKURDI COURT',NULL,NULL,NULL,'1260-89'),(46,'1261-89',' AKURDI COURT',NULL,NULL,NULL,'1261-89'),(47,'1263-89',' AKURDI COURT',NULL,NULL,NULL,'1263-89'),(48,'1270-89',' AKURDI COURT',NULL,NULL,NULL,'1270-89'),(49,'1306-89',' AKURDI COURT',NULL,NULL,NULL,'1306-89'),(50,'1359-89',' AKURDI COURT',NULL,NULL,NULL,'1359-89'),(51,'1375-89',' AKURDI COURT',NULL,NULL,NULL,'1375-89'),(52,'138-89',' AKURDI COURT',NULL,NULL,NULL,'138-89'),(53,'1380-81',' AKURDI COURT',NULL,NULL,NULL,'1380-81'),(54,'1397-89',' AKURDI COURT',NULL,NULL,NULL,'1397-89'),(55,'1402-89',' AKURDI COURT',NULL,NULL,NULL,'1402-89'),(56,'1599-88',' AKURDI COURT',NULL,NULL,NULL,'1599-88'),(57,'1712-83',' AKURDI COURT',NULL,NULL,NULL,'1712-83'),(58,'1783-82',' AKURDI COURT',NULL,NULL,NULL,'1783-82'),(59,'180-84',' AKURDI COURT',NULL,NULL,NULL,'180-84'),(60,'1959-84',' AKURDI COURT',NULL,NULL,NULL,'1959-84'),(61,'2028-84',' AKURDI COURT',NULL,NULL,NULL,'2028-84'),(62,'2466-86',' AKURDI COURT',NULL,NULL,NULL,'2466-86'),(63,'256-89',' AKURDI COURT',NULL,NULL,NULL,'256-89'),(64,'323-89',' AKURDI COURT',NULL,NULL,NULL,'323-89'),(65,'343-82',' AKURDI COURT',NULL,NULL,NULL,'343-82'),(66,'37-89',' AKURDI COURT',NULL,NULL,NULL,'37-89'),(67,'393-87',' AKURDI COURT',NULL,NULL,NULL,'393-87'),(68,'578-89',' AKURDI COURT',NULL,NULL,NULL,'578-89'),(69,'622-89',' AKURDI COURT',NULL,NULL,NULL,'622-89'),(70,'629-89',' AKURDI COURT',NULL,NULL,NULL,'629-89'),(71,'694-89',' AKURDI COURT',NULL,NULL,NULL,'694-89'),(72,'713-77',' AKURDI COURT',NULL,NULL,NULL,'713-77'),(73,'754-89',' AKURDI COURT',NULL,NULL,NULL,'754-89'),(74,'874-89',' AKURDI COURT',NULL,NULL,NULL,'874-89'),(75,'950-89',' AKURDI COURT',NULL,NULL,NULL,'950-89'),(76,'206-89',' AKURDI COURT',NULL,NULL,NULL,'206-89'),(77,'387-89',' AKURDI COURT',NULL,NULL,NULL,'387-89'),(78,'477-89',' AKURDI COURT',NULL,NULL,NULL,'477-89'),(79,'527-89',' AKURDI COURT',NULL,NULL,NULL,'527-89'),(80,'550-88',' AKURDI COURT',NULL,NULL,NULL,'550-88'),(81,'656-85',' AKURDI COURT',NULL,NULL,NULL,'656-85'),(82,'706-89',' AKURDI COURT',NULL,NULL,NULL,'706-89'),(83,'800-82',' AKURDI COURT',NULL,NULL,NULL,'800-82'),(84,'961-89',' AKURDI COURT',NULL,NULL,NULL,'961-89'),(85,'1118-89',' AKURDI COURT',NULL,NULL,NULL,'1118-89'),(86,'1191-89',' AKURDI COURT',NULL,NULL,NULL,'1191-89'),(87,'1220-89',' AKURDI COURT',NULL,NULL,NULL,'1220-89'),(88,'1393-84',' AKURDI COURT',NULL,NULL,NULL,'1393-84'),(89,'2023-85',' AKURDI COURT',NULL,NULL,NULL,'2023-85'),(90,'2125-84',' AKURDI COURT',NULL,NULL,NULL,'2125-84'),(91,'1493-82','SHIVAJI NAGAR COURT',NULL,NULL,NULL,'1493-82'),(92,'1578-82','SHIVAJI NAGAR COURT',NULL,NULL,NULL,'1578-82'),(93,'188-82','SHIVAJI NAGAR COURT',NULL,NULL,NULL,'188-82'),(94,'2304-82','SHIVAJI NAGAR COURT',NULL,NULL,NULL,'2304-82'),(95,'231-82','SHIVAJI NAGAR COURT',NULL,NULL,NULL,'231-82'),(96,'243-82','SHIVAJI NAGAR COURT',NULL,NULL,NULL,'243-82'),(97,'2519-82','SHIVAJI NAGAR COURT',NULL,NULL,NULL,'2519-82'),(98,'252-85','SHIVAJI NAGAR COURT',NULL,NULL,NULL,'252-85'),(99,'3229-82','SHIVAJI NAGAR COURT',NULL,NULL,NULL,'3229-82'),(100,'382-85','SHIVAJI NAGAR COURT',NULL,NULL,NULL,'382-85'),(101,'56-85','SHIVAJI NAGAR COURT',NULL,NULL,NULL,'56-85'),(102,'67-85','SHIVAJI NAGAR COURT',NULL,NULL,NULL,'67-85'),(103,'713-85','SHIVAJI NAGAR COURT',NULL,NULL,NULL,'713-85'),(104,'723-88','SHIVAJI NAGAR COURT',NULL,NULL,NULL,'723-88'),(105,'729-88','SHIVAJI NAGAR COURT',NULL,NULL,NULL,'729-88'),(106,'76-85','SHIVAJI NAGAR COURT',NULL,NULL,NULL,'76-85'),(107,'84-85','SHIVAJI NAGAR COURT',NULL,NULL,NULL,'84-85'),(108,'85-85','SHIVAJI NAGAR COURT',NULL,NULL,NULL,'85-85'),(109,'92-83','SHIVAJI NAGAR COURT',NULL,NULL,NULL,'92-83'),(110,'1_1970','SHIVAJI NAGAR COURT',NULL,NULL,NULL,'1_1970'),(111,'1_1971','SHIVAJI NAGAR COURT',NULL,NULL,NULL,'1_1971'),(112,'1_1973','SHIVAJI NAGAR COURT',NULL,NULL,NULL,'1_1973'),(113,'2_1975','SHIVAJI NAGAR COURT',NULL,NULL,NULL,'2_1975'),(114,'3_1988','SHIVAJI NAGAR COURT',NULL,NULL,NULL,'3_1988'),(115,'89_1997','SHIVAJI NAGAR COURT',NULL,NULL,NULL,'89_1997'),(116,'139_1976','SHIVAJI NAGAR COURT',NULL,NULL,NULL,'139_1976'),(117,'186_1981','SHIVAJI NAGAR COURT',NULL,NULL,NULL,'186_1981'),(118,'235_75','SHIVAJI NAGAR COURT',NULL,NULL,NULL,'235_75'),(119,'240_1971','SHIVAJI NAGAR COURT',NULL,NULL,NULL,'240_1971'),(120,'304_1991','SHIVAJI NAGAR COURT',NULL,NULL,NULL,'304_1991'),(121,'305_1991','SHIVAJI NAGAR COURT',NULL,NULL,NULL,'305_1991'),(122,'306_1991','SHIVAJI NAGAR COURT',NULL,NULL,NULL,'306_1991'),(123,'309_1991','SHIVAJI NAGAR COURT',NULL,NULL,NULL,'309_1991'),(124,'310_1991','SHIVAJI NAGAR COURT',NULL,NULL,NULL,'310_1991'),(125,'313_1991','SHIVAJI NAGAR COURT',NULL,NULL,NULL,'313_1991'),(126,'316_1991','SHIVAJI NAGAR COURT',NULL,NULL,NULL,'316_1991'),(127,'317_1991','SHIVAJI NAGAR COURT',NULL,NULL,NULL,'317_1991'),(128,'320_1991','SHIVAJI NAGAR COURT',NULL,NULL,NULL,'320_1991'),(129,'368_72','SHIVAJI NAGAR COURT',NULL,NULL,NULL,'368_72'),(130,'471_76','SHIVAJI NAGAR COURT',NULL,NULL,NULL,'471_76'),(131,'540_1971','SHIVAJI NAGAR COURT',NULL,NULL,NULL,'540_1971'),(132,'1082_60','SHIVAJI NAGAR COURT',NULL,NULL,NULL,'1082_60'),(133,'1084_1960','SHIVAJI NAGAR COURT',NULL,NULL,NULL,'1084_1960'),(134,'1103_71','SHIVAJI NAGAR COURT',NULL,NULL,NULL,'1103_71'),(135,'1335_71','SHIVAJI NAGAR COURT',NULL,NULL,NULL,'1335_71'),(136,'1582_1976','SHIVAJI NAGAR COURT',NULL,NULL,NULL,'1582_1976'),(137,'1616_1981','SHIVAJI NAGAR COURT',NULL,NULL,NULL,'1616_1981'),(138,'1619_72','SHIVAJI NAGAR COURT',NULL,NULL,NULL,'1619_72'),(139,'1757_1981','SHIVAJI NAGAR COURT',NULL,NULL,NULL,'1757_1981'),(140,'1853_72','SHIVAJI NAGAR COURT',NULL,NULL,NULL,'1853_72'),(141,'2654_1971','SHIVAJI NAGAR COURT',NULL,NULL,NULL,'2654_1971'),(142,'12_1989','PIMPRI AKURDI COURT',NULL,NULL,NULL,'12_1989'),(143,'150_89','PIMPRI AKURDI COURT',NULL,NULL,NULL,'150_89'),(144,'195_1989','PIMPRI AKURDI COURT',NULL,NULL,NULL,'195_1989'),(145,'209_1989','PIMPRI AKURDI COURT',NULL,NULL,NULL,'209_1989'),(146,'340_89','PIMPRI AKURDI COURT',NULL,NULL,NULL,'340_89'),(147,'383_89','PIMPRI AKURDI COURT',NULL,NULL,NULL,'383_89'),(148,'390_84','PIMPRI AKURDI COURT',NULL,NULL,NULL,'390_84'),(149,'458_1989','PIMPRI AKURDI COURT',NULL,NULL,NULL,'458_1989'),(150,'465_89','PIMPRI AKURDI COURT',NULL,NULL,NULL,'465_89'),(151,'470_1989','PIMPRI AKURDI COURT',NULL,NULL,NULL,'470_1989'),(152,'470_1989-1','PIMPRI AKURDI COURT',NULL,NULL,NULL,'470_1989-1'),(153,'471_1989','PIMPRI AKURDI COURT',NULL,NULL,NULL,'471_1989'),(154,'565_89','PIMPRI AKURDI COURT',NULL,NULL,NULL,'565_89'),(155,'689_87','PIMPRI AKURDI COURT',NULL,NULL,NULL,'689_87'),(156,'690_1989','PIMPRI AKURDI COURT',NULL,NULL,NULL,'690_1989'),(157,'740_1989','PIMPRI AKURDI COURT',NULL,NULL,NULL,'740_1989'),(158,'744_1989','PIMPRI AKURDI COURT',NULL,NULL,NULL,'744_1989'),(159,'767_1989','PIMPRI AKURDI COURT',NULL,NULL,NULL,'767_1989'),(160,'1030_89','PIMPRI AKURDI COURT',NULL,NULL,NULL,'1030_89'),(161,'1103_1989','PIMPRI AKURDI COURT',NULL,NULL,NULL,'1103_1989'),(162,'1142_1989','PIMPRI AKURDI COURT',NULL,NULL,NULL,'1142_1989'),(163,'1184_89','PIMPRI AKURDI COURT',NULL,NULL,NULL,'1184_89'),(164,'1198_1989','PIMPRI AKURDI COURT',NULL,NULL,NULL,'1198_1989'),(165,'1227_89','PIMPRI AKURDI COURT',NULL,NULL,NULL,'1227_89'),(166,'1302_89','PIMPRI AKURDI COURT',NULL,NULL,NULL,'1302_89'),(167,'1331_89','PIMPRI AKURDI COURT',NULL,NULL,NULL,'1331_89'),(168,'1391_1989','PIMPRI AKURDI COURT',NULL,NULL,NULL,'1391_1989'),(169,'1736_88','PIMPRI AKURDI COURT',NULL,NULL,NULL,'1736_88'),(170,'1788_1987','PIMPRI AKURDI COURT',NULL,NULL,NULL,'1788_1987'),(171,'1976_1981','PIMPRI AKURDI COURT',NULL,NULL,NULL,'1976_1981'),(172,'2038_85','PIMPRI AKURDI COURT',NULL,NULL,NULL,'2038_85'),(173,'2323_1987','PIMPRI AKURDI COURT',NULL,NULL,NULL,'2323_1987');
/*!40000 ALTER TABLE `dms_law` ENABLE KEYS */;
UNLOCK TABLES;

--
-- Table structure for table `dms_master_court`
--

DROP TABLE IF EXISTS `dms_master_court`;
/*!40101 SET @saved_cs_client     = @@character_set_client */;
/*!40101 SET character_set_client = utf8 */;
CREATE TABLE `dms_master_court` (
  `row_id` int(11) NOT NULL AUTO_INCREMENT,
  `court_name` varchar(100) DEFAULT NULL,
  PRIMARY KEY (`row_id`)
) ENGINE=InnoDB AUTO_INCREMENT=4 DEFAULT CHARSET=latin1;
/*!40101 SET character_set_client = @saved_cs_client */;

--
-- Dumping data for table `dms_master_court`
--

LOCK TABLES `dms_master_court` WRITE;
/*!40000 ALTER TABLE `dms_master_court` DISABLE KEYS */;
INSERT INTO `dms_master_court` VALUES (1,'Akurdi'),(2,'Pune'),(3,'Shivaji Nagar');
/*!40000 ALTER TABLE `dms_master_court` ENABLE KEYS */;
UNLOCK TABLES;

--
-- Table structure for table `dms_master_gut`
--

DROP TABLE IF EXISTS `dms_master_gut`;
/*!40101 SET @saved_cs_client     = @@character_set_client */;
/*!40101 SET character_set_client = utf8 */;
CREATE TABLE `dms_master_gut` (
  `row_id` int(11) NOT NULL AUTO_INCREMENT,
  `gut_no` varchar(100) DEFAULT NULL,
  PRIMARY KEY (`row_id`)
) ENGINE=InnoDB AUTO_INCREMENT=8 DEFAULT CHARSET=latin1;
/*!40101 SET character_set_client = @saved_cs_client */;

--
-- Dumping data for table `dms_master_gut`
--

LOCK TABLES `dms_master_gut` WRITE;
/*!40000 ALTER TABLE `dms_master_gut` DISABLE KEYS */;
INSERT INTO `dms_master_gut` VALUES (2,'1'),(3,'2'),(4,'3'),(5,'4'),(6,'5'),(7,'6');
/*!40000 ALTER TABLE `dms_master_gut` ENABLE KEYS */;
UNLOCK TABLES;

--
-- Table structure for table `dms_master_hospital`
--

DROP TABLE IF EXISTS `dms_master_hospital`;
/*!40101 SET @saved_cs_client     = @@character_set_client */;
/*!40101 SET character_set_client = utf8 */;
CREATE TABLE `dms_master_hospital` (
  `row_id` int(11) NOT NULL AUTO_INCREMENT,
  `hospital_name` varchar(100) DEFAULT NULL,
  PRIMARY KEY (`row_id`)
) ENGINE=InnoDB AUTO_INCREMENT=4 DEFAULT CHARSET=latin1;
/*!40101 SET character_set_client = @saved_cs_client */;

--
-- Dumping data for table `dms_master_hospital`
--

LOCK TABLES `dms_master_hospital` WRITE;
/*!40000 ALTER TABLE `dms_master_hospital` DISABLE KEYS */;
INSERT INTO `dms_master_hospital` VALUES (1,'Sanghvi Hospital'),(2,'Talera'),(3,'Dapodi');
/*!40000 ALTER TABLE `dms_master_hospital` ENABLE KEYS */;
UNLOCK TABLES;

--
-- Table structure for table `dms_master_rack`
--

DROP TABLE IF EXISTS `dms_master_rack`;
/*!40101 SET @saved_cs_client     = @@character_set_client */;
/*!40101 SET character_set_client = utf8 */;
CREATE TABLE `dms_master_rack` (
  `row_id` int(11) NOT NULL AUTO_INCREMENT,
  `rack_no` varchar(100) DEFAULT NULL,
  PRIMARY KEY (`row_id`)
) ENGINE=InnoDB AUTO_INCREMENT=2 DEFAULT CHARSET=latin1;
/*!40101 SET character_set_client = @saved_cs_client */;

--
-- Dumping data for table `dms_master_rack`
--

LOCK TABLES `dms_master_rack` WRITE;
/*!40000 ALTER TABLE `dms_master_rack` DISABLE KEYS */;
INSERT INTO `dms_master_rack` VALUES (1,'A31');
/*!40000 ALTER TABLE `dms_master_rack` ENABLE KEYS */;
UNLOCK TABLES;

--
-- Table structure for table `dms_master_record_type`
--

DROP TABLE IF EXISTS `dms_master_record_type`;
/*!40101 SET @saved_cs_client     = @@character_set_client */;
/*!40101 SET character_set_client = utf8 */;
CREATE TABLE `dms_master_record_type` (
  `row_id` int(11) NOT NULL AUTO_INCREMENT,
  `record_type` varchar(100) DEFAULT NULL,
  PRIMARY KEY (`row_id`)
) ENGINE=InnoDB AUTO_INCREMENT=5 DEFAULT CHARSET=latin1;
/*!40101 SET character_set_client = @saved_cs_client */;

--
-- Dumping data for table `dms_master_record_type`
--

LOCK TABLES `dms_master_record_type` WRITE;
/*!40000 ALTER TABLE `dms_master_record_type` DISABLE KEYS */;
INSERT INTO `dms_master_record_type` VALUES (1,'A'),(2,'B'),(3,'B1'),(4,'B2');
/*!40000 ALTER TABLE `dms_master_record_type` ENABLE KEYS */;
UNLOCK TABLES;

--
-- Table structure for table `dms_master_table`
--

DROP TABLE IF EXISTS `dms_master_table`;
/*!40101 SET @saved_cs_client     = @@character_set_client */;
/*!40101 SET character_set_client = utf8 */;
CREATE TABLE `dms_master_table` (
  `row_id` int(11) NOT NULL AUTO_INCREMENT,
  `table_no` varchar(100) DEFAULT NULL,
  PRIMARY KEY (`row_id`)
) ENGINE=InnoDB AUTO_INCREMENT=5 DEFAULT CHARSET=latin1;
/*!40101 SET character_set_client = @saved_cs_client */;

--
-- Dumping data for table `dms_master_table`
--

LOCK TABLES `dms_master_table` WRITE;
/*!40000 ALTER TABLE `dms_master_table` DISABLE KEYS */;
INSERT INTO `dms_master_table` VALUES (1,'1'),(2,'2'),(3,'3'),(4,'6');
/*!40000 ALTER TABLE `dms_master_table` ENABLE KEYS */;
UNLOCK TABLES;

--
-- Table structure for table `dms_master_village`
--

DROP TABLE IF EXISTS `dms_master_village`;
/*!40101 SET @saved_cs_client     = @@character_set_client */;
/*!40101 SET character_set_client = utf8 */;
CREATE TABLE `dms_master_village` (
  `row_id` int(11) NOT NULL AUTO_INCREMENT,
  `village_name` varchar(100) DEFAULT NULL,
  PRIMARY KEY (`row_id`)
) ENGINE=InnoDB AUTO_INCREMENT=5 DEFAULT CHARSET=latin1;
/*!40101 SET character_set_client = @saved_cs_client */;

--
-- Dumping data for table `dms_master_village`
--

LOCK TABLES `dms_master_village` WRITE;
/*!40000 ALTER TABLE `dms_master_village` DISABLE KEYS */;
INSERT INTO `dms_master_village` VALUES (1,'Akurdi'),(2,'Bhosari'),(3,'Chikhli'),(4,'pimpri');
/*!40000 ALTER TABLE `dms_master_village` ENABLE KEYS */;
UNLOCK TABLES;

--
-- Table structure for table `dms_property_tax`
--

DROP TABLE IF EXISTS `dms_property_tax`;
/*!40101 SET @saved_cs_client     = @@character_set_client */;
/*!40101 SET character_set_client = utf8 */;
CREATE TABLE `dms_property_tax` (
  `row_id` int(11) NOT NULL AUTO_INCREMENT,
  `village_name` varchar(100) DEFAULT NULL,
  `property_code` varchar(100) DEFAULT NULL,
  `property_holder_name` varchar(15000) DEFAULT NULL,
  `image_path` varchar(500) DEFAULT NULL,
  PRIMARY KEY (`row_id`)
) ENGINE=InnoDB AUTO_INCREMENT=373 DEFAULT CHARSET=latin1;
/*!40101 SET character_set_client = @saved_cs_client */;

--
-- Dumping data for table `dms_property_tax`
--

LOCK TABLES `dms_property_tax` WRITE;
/*!40000 ALTER TABLE `dms_property_tax` DISABLE KEYS */;
INSERT INTO `dms_property_tax` VALUES (2,'Bhosari','1100101901','&#2323;&#2306;&#2325;&#2366;&#2352; &#2311;&#2306;&#2337;. &#2346;&#2381;&#2352;&#2367;&#2350;&#2366;&#2351;&#2360;&#2375;&#2360; &#2360;&#2361; &#2360;&#2306; &#2350;&#2352;&#2381;&#2351;&#2366; &#2349;&#2379; &#2319; &#2325;&#2375; &#2319;&#2352;&#2357;&#2350;&#2369;&#2343;&#2344;',NULL),(3,'Bhosari','1100101902','&#2323;&#2306;&#2325;&#2366;&#2352; &#2311;&#2306;&#2337; &#2346;&#2381;&#2352;&#2367;&#2350;&#2366;&#2351;&#2360;&#2375;&#2360; &#2360;&#2361; &#2350;&#2352;&#2381;&#2351;&#2366; &#2349;&#2379;. &#2352;&#2366;&#2332;&#2375;&#2306;&#2342;&#2381;&#2352; &#2348;&#2366;&#2346;&#2370; &#2360;&#2369;&#2340;&#2366;&#2352;',NULL),(4,'Bhosari','1100101903','&#2323;&#2306;&#2325;&#2366;&#2352; &#2311;&#2306;&#2337; &#2346;&#2381;&#2352;&#2367;&#2350;&#2366;&#2351;&#2360;&#2375;&#2360; &#2360;&#2361; &#2350;&#2352;&#2381;&#2351;&#2366; &#2349;&#2379;. &#2352;&#2366;&#2332;&#2375;&#2306;&#2342;&#2381;&#2352; &#2348;&#2366;&#2346;&#2370; &#2360;&#2369;&#2340;&#2366;&#2352;',NULL),(5,'Bhosari','1100101904','&#2323;&#2306;&#2325;&#2366;&#2352; &#2311;&#2306;&#2337;. &#2346;&#2381;&#2352;&#2367;&#2350;&#2366;&#2351;&#2360;&#2375;&#2360; &#2360;&#2361; &#2360;&#2306; &#2350;&#2352;&#2381;&#2351;&#2366; &#2349;&#2379; &#2352;&#2366;&#2332;&#2375;&#2306;&#2342;&#2381;&#2352; &#2348;&#2366;&#2346;&#2369; &#2360;&#2369;&#2340;&#2366;&#2352;',NULL),(6,'Bhosari','1100101905','&#2323;&#2306;&#2325;&#2366;&#2352; &#2311;&#2306;&#2337;. &#2346;&#2381;&#2352;&#2367;&#2350;&#2366;&#2351;&#2360;&#2375;&#2360; &#2360;&#2361; &#2360;&#2306; &#2350;&#2352;&#2381;&#2351;&#2366; &#2349;&#2379; &#2330;&#2306;&#2342;&#2381;&#2352;&#2358;&#2375;&#2326;&#2352; &#2348;&#2366;&#2332;&#2368;&#2352;&#2366;&#2357; &#2360;&#2366;&#2355;&#2369;&#2306;&#2325;&#2375;',NULL),(7,'Bhosari','1100101906','&#2323;&#2306;&#2325;&#2366;&#2352; &#2311;&#2306;&#2337; &#2346;&#2381;&#2352;&#2367;&#2350;&#2366;&#2351;&#2360;&#2375;&#2360; &#2360;&#2361; &#2350;&#2352;&#2381;&#2351;&#2366; &#2349;&#2379;. &#2344;&#2352;&#2355;&#2375; &#2358;&#2376;&#2354;&#2375;&#2358; &#2354;&#2325;&#2381;&#2359;&#2381;&#2350;&#2339;',NULL),(8,'Bhosari','1100101907','&#2323;&#2306;&#2325;&#2366;&#2352; &#2311;&#2306;&#2337; &#2346;&#2381;&#2352;&#2367;&#2350;&#2366;&#2351;&#2360;&#2375;&#2360; &#2360;&#2361; &#2350;&#2352;&#2381;&#2351;&#2366; &#2349;&#2379;. &#2357;&#2367;&#2344;&#2379;&#2342; &#2348;&#2348;&#2344; &#2352;&#2366;&#2350;&#2366;&#2344;&#2375; / &#2344;&#2366;&#2350;&#2342;&#2375;&#2357; &#2325;&#2370;&#2359;&#2381;&#2339;&#2366;&#2332;&#2368; &#2357;&#2366;&#2328;&#2379;&#2354;&#2375;',NULL),(9,'Bhosari','1100101908','&#2323;&#2306;&#2325;&#2366;&#2352; &#2311;&#2306;&#2337; &#2346;&#2381;&#2352;&#2367;&#2350;&#2366;&#2351;&#2360;&#2375;&#2360; &#2360;&#2361; &#2350;&#2352;&#2381;&#2351;&#2366; &#2349;&#2379;. &#2342;&#2367;&#2346;&#2366; &#2313;&#2344;&#2381;&#2350;&#2375;&#2358; &#2325;&#2366;&#2355;&#2357;&#2367;&#2335;',NULL),(10,'Bhosari','1100101909','&#2323;&#2306;&#2325;&#2366;&#2352; &#2311;&#2306;&#2337; &#2346;&#2381;&#2352;&#2367;&#2350;&#2366;&#2351;&#2360;&#2375;&#2360; &#2360;&#2361; &#2350;&#2352;&#2381;&#2351;&#2366; &#2349;&#2379;. &#2352;&#2379;&#2361;&#2367;&#2359; &#2309;&#2352;&#2357;&#2367;&#2306;&#2342; &#2325;&#2366;&#2355;&#2357;&#2367;&#2335;',NULL),(11,'Bhosari','1100101910','&#2323;&#2306;&#2325;&#2366;&#2352; &#2311;&#2306;&#2337; &#2346;&#2381;&#2352;&#2367;&#2350;&#2366;&#2351;&#2360;&#2375;&#2360; &#2360;&#2361; &#2350;&#2352;&#2381;&#2351;&#2366; &#2349;&#2379;. &#2360;&#2369;&#2352;&#2375;&#2306;&#2342;&#2381;&#2352; &#2346;&#2367;&#2354;&#2381;&#2354;&#2375;',NULL),(12,'Bhosari','1100101911','&#2323;&#2306;&#2325;&#2366;&#2352; &#2311;&#2306;&#2337; &#2346;&#2381;&#2352;&#2367;&#2350;&#2366;&#2351;&#2360;&#2375;&#2360; &#2360;&#2361; &#2350;&#2352;&#2381;&#2351;&#2366; &#2349;&#2379;. &#2352;&#2369;&#2346;&#2366;&#2354;&#2368; &#2360;&#2306;&#2342;&#2375;&#2359; &#2349;&#2379;&#2360;&#2354;&#2375;',NULL),(13,'Bhosari','1100101912','&#2360;&#2367;&#2342;&#2381;&#2343;&#2375;&#2358;&#2381;&#2357;&#2352; &#2347;&#2379;&#2352;&#2381;&#2332;&#2368;&#2306;&#2327; &#2309;&#2306;&#2337; &#2321;&#2335;&#2379; &#2346;&#2366;&#2352;&#2381;&#2335;&#2360; &#2346;&#2381;&#2352;&#2366;. &#2354;&#2367;. &#2340;&#2352;&#2381;&#2347;&#2375; &#2344;&#2367;&#2354;&#2325;&#2306;&#2336; &#2310;&#2340;&#2381;&#2350;&#2366;&#2352;&#2366;&#2350; &#2327;&#2366;&#2306;&#2343;&#2368;',NULL),(14,'Bhosari','1100101913','&#2332;&#2368;.&#2319;&#2360;.&#2325;&#2379;&#2361;&#2354;&#2368; &#2357; &#2319;&#2344;.&#2332;&#2368; &#2325;&#2379;&#2361;&#2354;&#2368; &#2349;&#2379;. &#2358;&#2369;&#2349;&#2366;&#2306;&#2327;&#2368; &#2357;&#2367;&#2354;&#2366;&#2360; &#2354;&#2379;&#2361;&#2366;&#2352;',NULL),(15,'Bhosari','1100101914','&#2352;&#2366;&#2332;&#2344; &#2310;&#2352;.&#2344;&#2366;&#2351;&#2352;',NULL),(16,'Bhosari','1100101915','&#2358;&#2348;&#2381;&#2348;&#2368;&#2352; &#2360;&#2366;&#2332;&#2368;&#2342; &#2348;&#2344;&#2360;&#2352;&#2357;&#2366;&#2354;&#2366;',NULL),(17,'Bhosari','1100101916','&#2342;&#2340;&#2381;&#2340;&#2369; &#2360;&#2366;&#2346;&#2366;&#2344; &#2354;&#2366;&#2306;&#2337;&#2327;&#2375; &#2349;&#2379;. &#2349;&#2379;&#2352; &#2349;&#2366;&#2354;&#2330;&#2306;&#2342;&#2381;&#2352; &#2330;&#2367;&#2306;&#2340;&#2366;&#2350;&#2339;',NULL),(18,'Bhosari','1100101917','&#2325;&#2371;&#2359;&#2381;&#2339;&#2366; &#2344;&#2366;&#2344;&#2366; &#2354;&#2366;&#2306;&#2337;&#2327;&#2375; &#2349;&#2379;. &#2349;&#2379;&#2352; &#2358;&#2366;&#2352;&#2342;&#2366; &#2349;&#2366;&#2354;&#2330;&#2306;&#2342;&#2381;&#2352;',NULL),(19,'Bhosari','1100101918','&#2352;&#2367;&#2354;&#2366;&#2351;&#2344;&#2381;&#2360; &#2311;&#2344;&#2381;&#2347;&#2379;&#2352;&#2335;&#2354; &#2354;&#2368;.&#2350;&#2379;&#2348;&#2366;&#2312;&#2354; &#2335;&#2377;&#2357;&#2352;',NULL),(20,'Bhosari','1100101919','&#2352;&#2340;&#2381;&#2344;&#2375;&#2358; &#2311;&#2306;&#2332;&#2368; &#2346;&#2381;&#2352;&#2366; &#2354;&#2367;',NULL),(21,'Bhosari','1100101920','&#2360;&#2306;&#2351;&#2379;&#2327; &#2311;&#2306;&#2332;&#2367;.&#2340;&#2352;&#2381;&#2347;&#2375; &#2346;&#2381;&#2352;&#2379;.&#2346;&#2381;&#2352;&#2366;.&#2352;&#2366;&#2344;&#2348;&#2366; &#2351;&#2358;&#2357;&#2306;&#2340; &#2357;&#2366;&#2348;&#2355;&#2375; &#2357; &#2360;&#2352;&#2360;&#2381;&#2357;&#2340;&#2368; &#2310;&#2344;&#2306;&#2342;&#2352;&#2366;&#2357; &#2358;&#2367;&#2340;&#2379;&#2355;&#2375;',NULL),(22,'Bhosari','1100101921','&#2350;&#2375;. &#2361;&#2366;&#2351;&#2335;&#2375;&#2325; &#2311;&#2306;&#2332;&#2367;.',NULL),(23,'Bhosari','1100101922','&#2346;&#2381;&#2352;&#2367;&#2340;&#2368; &#2357;&#2367;&#2332;&#2351; &#2360;&#2379;&#2354;&#2375; &#2340;&#2352;&#2381;&#2347;&#2375; &#2325;&#2369;&#2350;&#2369; &#2357;&#2367;&#2325;&#2381;&#2352;&#2366;&#2306;&#2340; &#2344;&#2367;&#2357;&#2370;&#2340;&#2381;&#2340;&#2368; &#2360;&#2352;&#2379;&#2342;&#2375;',NULL),(24,'Bhosari','1100101923','&#2350;&#2375; &#2350;&#2366;&#2352;&#2381;&#2360; &#2311;&#2306;&#2332;&#2367;.',NULL),(25,'Bhosari','1100101924','&#2335;&#2381;&#2352;&#2366;&#2351;&#2335;&#2375;&#2325; &#2311;&#2306;&#2332;&#2367;.',NULL),(26,'Bhosari','1100101925','&#2350;&#2375;.&#2309;&#2350;&#2344; &#2311;&#2306;&#2337;.',NULL),(27,'Bhosari','1100101926','&#2349;&#2379; &#2358;&#2381;&#2352;&#2368; &#2394;&#2339;&#2375;&#2358; &#2346;&#2381;&#2354;&#2366;&#2360;&#2381;&#2335;&#2368;&#2325; &#2340;&#2352;&#2381;&#2398;&#2375; &#2357;&#2367;&#2332;&#2351; &#2350;&#2366;&#2352;&#2379;&#2340;&#2352;&#2366;&#2357; &#2349;&#2366;&#2306;&#2342;&#2369;&#2352;&#2381;&#2327;&#2375;',NULL),(28,'Bhosari','1100101927','&#2350;&#2375; &#2327;&#2339;&#2375;&#2358; &#2311;&#2306;&#2332;&#2367;&#2344;&#2367;&#2309;&#2352;&#2367;&#2306;&#2327; &#2340;&#2352;&#2381;&#2398;&#2375; &#2352;&#2366;&#2361;&#2369;&#2354; &#2346;&#2381;&#2352;&#2349;&#2366;&#2325;&#2352; &#2348;&#2375;&#2306;&#2348;&#2355;&#2325;&#2352;',NULL),(29,'Bhosari','1100101928','.&#2347;&#2377;&#2348; &#2311;&#2306;&#2337;.&#2340;&#2352;&#2381;&#2347;&#2375; &#2352;&#2328;&#2369;&#2344;&#2306;&#2342;&#2344; &#2357;&#2367;&#2358;&#2381;&#2357;&#2366;&#2360; &#2346;&#2337;&#2357;&#2355; / &#2309;&#2344;&#2369;&#2346; &#2310;&#2344;&#2306;&#2342; &#2351;&#2352;&#2344;&#2366;&#2355;&#2325;&#2352;',NULL),(30,'Bhosari','1100101929','&#2349;&#2379;.&#2350;&#2375;&#8204;. &#2358;&#2381;&#2352;&#2368;&#2344;&#2367;&#2357;&#2366;&#2360; &#2311;&#2306;&#2337;&#2360;&#2381;&#2335;&#2381;&#2352;&#2367;&#2332; &#2346;&#2381;&#2352;&#2366;. &#2354;&#2367;.',NULL),(31,'Bhosari','1100101931','&#2358;&#2381;&#2352;&#2368;&#2350;. &#2354;&#2325;&#2381;&#2359;&#2381;&#2350;&#2368;&#2348;&#2312; &#2342;&#2327;&#2337;&#2369; &#2327;&#2366;&#2357;&#2337;&#2375; &#2349;&#2379;&#2327;. &#2350;&#2375;. &#2319;&#2360; &#2346;&#2368; &#2335;&#2369;&#2354;&#2381;&#2360; &#2340;&#2352;&#2381;&#2347;&#2375; &#2360;&#2369;&#2352;&#2375;&#2358; &#2346;&#2367;&#2306;&#2327;&#2355;&#2375;',NULL),(32,'Bhosari','1100101936','&#2350;&#2375;. &#2361;&#2344;&#2369;&#2350;&#2366;&#2344; &#2311;&#2306;&#2337;&#2360;&#2381;&#2335;&#2381;&#2352;&#2367;&#2332; &#2346;&#2381;&#2352;&#2367;&#2350;&#2366;.&#2349;&#2379;. &#2350;&#2375;. &#2348;&#2366;&#2354;&#2366;&#2332;&#2368; &#2319;&#2306;&#2335;&#2352;&#2346;&#2381;&#2352;&#2366;&#2351;&#2332;&#2375;&#2360;',NULL),(33,'Bhosari','1100101937','&#2350;&#2375;. &#2361;&#2344;&#2369;&#2350;&#2366;&#2344; &#2311;&#2306;&#2337;&#2360;&#2381;&#2335;&#2381;&#2352;&#2367;&#2332; &#2346;&#2381;&#2352;&#2367;&#2350;&#2366;.&#2349;&#2379;. &#2357;&#2367;&#2350;&#2360;&#2344; &#2311;&#2306;&#2337;&#2368;&#2351;&#2366; &#2311;&#2306;&#2332;&#2367;.',NULL),(34,'Bhosari','1100101938','&#2350;&#2375;. &#2361;&#2344;&#2369;&#2350;&#2366;&#2344; &#2311;&#2306;&#2337;&#2360;&#2381;&#2335;&#2381;&#2352;&#2367;&#2332; &#2346;&#2381;&#2352;&#2367;&#2350;&#2366;.&#2349;&#2379;. &#2350;&#2375;. &#2360;&#2306;&#2325;&#2354;&#2381;&#2346; &#2311;&#2306;&#2332;&#2367;&#2344;&#2367;&#2344;&#2367;&#2309;&#2352;&#2381;&#2360;',NULL),(35,'Bhosari','1100101939','&#2350;&#2375;. &#2361;&#2344;&#2369;&#2350;&#2366;&#2344; &#2311;&#2306;&#2337;&#2360;&#2381;&#2335;&#2381;&#2352;&#2367;&#2332; &#2346;&#2381;&#2352;&#2367;&#2350;&#2366;.&#2349;&#2379;. &#2350;&#2375;. &#2351;&#2358;&#2379;&#2343;&#2344; &#2311;&#2325;&#2381;&#2357;&#2367;&#2346;&#2350;&#2375;&#2306;&#2335;&#2360;',NULL),(36,'Bhosari','1100101940','&#2350;&#2375;. &#2361;&#2344;&#2369;&#2350;&#2366;&#2344; &#2311;&#2306;&#2337;&#2360;&#2381;&#2335;&#2381;&#2352;&#2367;&#2332; &#2346;&#2381;&#2352;&#2367;&#2350;&#2366;.&#2349;&#2379;. &#2350;&#2375;. &#2327;&#2339;&#2375;&#2358; &#2319;&#2306;&#2335;&#2352;&#2346;&#2381;&#2352;&#2366;&#2351;&#2332;&#2375;&#2360;',NULL),(37,'Bhosari','1100101941','&#2350;&#2375;. &#2361;&#2344;&#2369;&#2350;&#2366;&#2344; &#2311;&#2306;&#2337;&#2360;&#2381;&#2335;&#2381;&#2352;&#2367;&#2332; &#2346;&#2381;&#2352;&#2367;&#2350;&#2366;.&#2349;&#2379;. &#2350;&#2375;. &#2346;&#2369;&#2332;&#2366; &#2311;&#2306;&#2332;&#2367;&#2344;&#2367;&#2309;&#2352;&#2367;&#2306;&#2327; &#2357;&#2352;&#2381;&#2325;&#2381;&#2360;',NULL),(38,'Bhosari','1100101943','&#2350;&#2375;. &#2310;&#2343;&#2366;&#2352; &#2311;&#2306;&#2337;.&#2346;&#2381;&#2352;&#2367;&#2350;&#2366;. &#2325;&#2379;-&#2323;&#2346;. &#2360;&#2379;&#814;. &#2354;&#2367;.',NULL),(39,'Bhosari','1100101944','&#2350;&#2375;. &#2310;&#2343;&#2366;&#2352; &#2311;&#2306;&#2337; &#2346;&#2381;&#2352;&#2367;&#2350;&#2366; . &#2349;&#2379;. &#2350;&#2375;. &#2360;&#2344;&#2357;&#2367;&#2332; &#2311;&#2306;&#2332;&#2367;&#2344;&#2367;&#2309;&#2352;&#2367;&#2306;&#2327; &#2360;&#2367;&#2360;&#2381;&#2335;&#2367;&#2350;',NULL),(40,'Bhosari','1100101945','&#2350;&#2375;. &#2327;&#2339;&#2375;&#2358; &#2311;&#2306;&#2337;&#2360;&#2381;&#2335;&#2381;&#2352;&#2367;&#2332; &#2340;&#2352;&#2381;&#2347;&#2375; - &#2327;&#2339;&#2346;&#2340; &#2357; &#2352;&#2366;&#2350;&#2342;&#2366;&#2360; &#2327;&#2332;&#2366;&#2344;&#2344; &#2360;&#2366;&#2306;&#2337;&#2349;&#2379;&#2352;',NULL),(41,'Bhosari','1100101948','&#2350;&#2375;. &#2346;&#2379;&#2346;&#2335; &#2354;&#2325;&#2381;&#2359;&#2381;&#2350;&#2381;&#2339; &#2346;&#2357;&#2366;&#2352;',NULL),(42,'Bhosari','1100101950','&#2350;&#2375;. &#2360;&#2379;&#2344;&#2368; &#2319;&#2306;&#2335;&#2352;&#2346;&#2381;&#2352;&#2366;&#2351;&#2332;&#2375;&#2360;',NULL),(43,'Bhosari','1100101952','&#2358;&#2381;&#2352;&#2368;. &#2340;&#2366;&#2344;&#2366;&#2332;&#2368; &#2352;&#2366;&#2350;&#2352;&#2366;&#2357; &#2341;&#2367;&#2327;&#2355;&#2375;',NULL),(44,'Bhosari','1100101953','&#2350;&#2375;. &#2352;&#2367;&#2358;&#2368; &#2311;&#2354;&#2366;&#2360;&#2381;&#2335;&#2379;&#2350;&#2352;&#2381;&#2360; &#2346;&#2381;&#2352;&#2366;. &#2354;&#2367;.',NULL),(45,'Bhosari','1100101954','&#2349;&#2379;. &#2350;&#2375;. &#2358;&#2369;&#2349;&#2350; &#2311;&#2306;&#2332;&#2367;&#2344;&#2367;&#2309;&#2352;&#2381;&#2360;',NULL),(46,'Bhosari','1100101956','&#2350;&#2375;. &#2309;&#2354;&#2381;&#2347;&#2366; &#2311;&#2306;&#2332;&#2367;&#2344;&#2367;&#2309;&#2352;&#2381;&#2360; &#2346;&#2381;&#2352;&#2379;.&#2346;&#2381;&#2352;&#2366;. &#2350;&#2366;&#2343;&#2357; &#2348;. &#2344;&#2375;&#2350;&#2366;&#2337;&#2375;',NULL),(47,'Bhosari','1100101959','&#2358;&#2381;&#2352;&#2368;. &#2350;&#2361;&#2375;&#2342;&#2381;&#2352; &#2352;&#2350;&#2344;&#2369; &#2346;&#2366;&#2335;&#2367;&#2354; &#2357; &#2332;&#2375; &#2348;&#2368; &#2330;&#2357;&#2381;&#2361;&#2366;&#2339;',NULL),(48,'Bhosari','1100101960','&#2358;&#2381;&#2352;&#2368;. &#2360;&#2330;&#2367;&#2344; &#2352;&#2366;&#2350;&#2349;&#2366;&#2314; &#2325;&#2379;&#2352;&#2346;&#2375;',NULL),(49,'Bhosari','1100101961','&#2350;&#2375;. &#2330;&#2375;&#2309;&#2352;&#2350;&#2344; &#2360;&#2367;&#2342;&#2381;&#2343;&#2327;&#2369;&#2352;&#2369; &#2311;&#2306;&#2337;. &#2346;&#2381;&#2352;&#2367;&#2350;&#2366;. &#2360;&#2379;.',NULL),(50,'Bhosari','1100101962','&#2350;&#2375;. &#2330;&#2375;&#2309;&#2352;&#2350;&#2344; &#2360;&#2367;&#2342;&#2381;&#2343;&#2327;&#2369;&#2352;&#2369; &#2311;&#2306;&#2337;. &#2346;&#2381;&#2352;&#2367;&#2350;&#2366;. &#2360;&#2379;.&#2349;&#2379;. &#2350;&#2375;. &#2360;&#2367;&#2342;&#2381;&#2343;&#2366;&#2352;&#2381;&#2341; &#2311;&#2306;&#2337;&#2360;&#2381;&#2335;&#2381;&#2352;&#2367;&#2332; &#2340;&#2352;&#2381;&#2347;&#2375; - &#2357;&#2367;&#2332;&#2351; &#2337;&#2369;&#2306;&#2348;&#2352;&#2375;',NULL),(51,'Bhosari','1100101964','&#2350;&#2375;. &#2360;&#2350;&#2381;&#2352;&#2369;&#2342;&#2381;&#2343; &#2358;&#2369;&#2327;&#2352; &#2311;&#2306;&#2337;. &#2346;&#2381;&#2352;&#2366;. &#2354;&#2367;.',NULL),(52,'Bhosari','1100101967','&#2350;&#2375;. &#2319;&#2344;.&#2360;&#2368;.&#2357;&#2366;&#2351;. &#2319;&#2306;&#2335;&#2352;&#2346;&#2381;&#2352;&#2366;&#2351;&#2332;&#2375;&#2360;',NULL),(53,'Bhosari','1100101969','&#2350;&#2375;. &#2360;&#2369;&#2335;&#2375;&#2325; &#2335;&#2375;&#2325;&#2381;&#2344;&#2379; &#2357;&#2352;&#2381;&#2325;&#2381;&#2360;',NULL),(54,'Bhosari','1100101971','&#2350;&#2375;. &#2310;&#2343;&#2381;&#2351;&#2325;&#2381;&#2359; &#2358;&#2367;&#2357;&#2325;&#2381;&#2352;&#2369;&#2346;&#2366; &#2311;&#2306;&#2337;.&#2346;&#2381;&#2352;&#2367;&#2350;&#2366;&#8204;. &#2360;&#2361;&#8204;. &#2360;&#2306;&#2360;&#2381;&#2341;&#2366;.',NULL),(55,'Bhosari','1100101973','&#2350;&#2375;. &#2360;&#2375;&#2332; &#2335;&#2375;&#2325;&#2381;&#2344;&#2368;&#2325;',NULL),(56,'Bhosari','1100101974','&#2350;&#2375;. &#2357;&#2367;&#2325;&#2366;&#2360; &#2311;&#2306;&#2337;&#2360;&#2381;&#2335;&#2381;&#2352;&#2367;&#2332; &#2340;&#2352;&#2381;&#2347;&#2375; &#2346;&#2335;&#2375;&#2354; &#2319;&#2354;.',NULL),(57,'Bhosari','1100101975','&#2350;&#2375;. &#2358;&#2352;&#2381;&#2350;&#2366; &#2319;&#2306;&#2335;&#2352;&#2346;&#2381;&#2352;&#2366;&#2351;&#2332;&#2375;&#2360;.',NULL),(58,'Bhosari','1100101978','&#2350;&#2375;. &#2310;&#2352;. &#2325;&#2375;. &#2346;&#2381;&#2352;&#2375;&#2360; &#2335;&#2369;&#2354;&#2381;&#2360;.',NULL),(59,'Bhosari','1100101979','&#2350;&#2375;. &#2352;&#2375;&#2326;&#2366; &#2311;&#2306;&#2332;&#2367;&#2344;&#2367;&#2309;&#2352;&#2368;&#2306;&#2327; &#2357;&#2352;&#2381;&#2325;&#2381;&#2360;. &#2346;&#2381;&#2352;&#2379;.&#2346;&#2381;&#2352;&#2366;. &#2352;&#2328;&#2369;&#2344;&#2366;&#2341; &#2352;&#2366;&#2350;&#2330;&#2306;&#2342;&#2381;&#2352; &#2348;&#2366;&#2348;&#2352;',NULL),(60,'Bhosari','1100101980','&#2350;&#2375;. &#2344;&#2367;&#2323;&#2354;&#2375;&#2325; &#2311;&#2306;&#2332;&#2367;&#2344;&#2367;&#2309;&#2352;&#2381;&#2360;.',NULL),(61,'Bhosari','1100101981','&#2350;&#2375;. &#2332;&#2368;. &#2357;&#2381;&#2361;&#2368;. &#2354;&#2375;&#2354;&#2375; &#2317;&#2344;&#2381;&#2337; &#2325;&#2306;&#2346;&#2344;&#2368; &#2346;&#2381;&#2352;&#2379;. &#2346;&#2381;&#2352;&#2366;. &#2332;&#2368; &#2357;&#2381;&#2361;&#2368; &#2354;&#2375;&#2354;&#2375;',NULL),(62,'Bhosari','1100101982','&#2350;&#2375;. &#2360;&#2367;&#2306;&#2361; &#2310;&#2339;&#2367; &#2360;&#2344;&#2381;&#2360;. &#2340;&#2352;&#2381;&#2347;&#2375; &#2360;&#2340;&#2381;&#2351;&#2366;&#2344;&#2306;&#2342; &#2319;&#2360; &#2360;&#2367;&#2306;&#2361; &#2357; &#2312;&#2340;&#2352; &#2414;',NULL),(63,'Bhosari','1100101983','&#2358;&#2381;&#2352;&#2368;&#2350;. &#2330;&#2342;&#2381;&#2352;&#2349;&#2366;&#2327;&#2366; &#2349;&#2367;&#2325;&#2379;&#2348;&#2366; &#2327;&#2366;&#2357;&#2337;&#2375; &#2349;&#2379;. &#2350;&#2375;. &#2336;&#2366;&#2325;&#2369;&#2352; &#2325;&#2381;&#2352;&#2375;&#2344; &#2360;&#2352;&#2381;&#2357;&#2367;&#2360;',NULL),(64,'Bhosari','1100101984','&#2350;&#2375;. &#2310;&#2352;&#2381;&#2335; &#2398;&#2373;&#2348;&#2381;&#2352;&#2367;&#2325;&#2375;&#2335;&#2352;&#2381;&#2360; &#2340;&#2352;&#2381;&#2347;&#2375; &#2350;&#2361;&#2375;&#2358; &#2357; &#2332;&#2327;&#2344;&#2381;&#2344;&#2366;&#2341; &#2341; &#2350;&#2354;&#2340;&#2346;&#2369;&#2352;&#2375;',NULL),(65,'Bhosari','1100101985','&#2350;&#2375;. &#2319;&#2360;&#2381;&#2360;&#2375;&#2350; &#2311;&#2306;&#2332;&#2367;&#2344;&#2367;&#2309;&#2352;&#2381;&#2360;.',NULL),(66,'Bhosari','1100101986','&#2350;&#2375;. &#2337;&#2366;&#2351; &#2346;&#2381;&#2354;&#2366;&#2360;&#2381;&#2335; &#2311;&#2306;&#2337;&#2360;&#2381;&#2335;&#2381;&#2352;&#2367;&#2332;.',NULL),(67,'Bhosari','1100101987','&#2350;&#2375;&#8204;. &#2358;&#2381;&#2352;&#2368;&#2352;&#2366;&#2350; &#2319;&#2306;&#2335;&#2352;&#2346;&#2381;&#2352;&#2366;&#2351;&#2332;&#2375;&#2360; &#2340;&#2352;&#2381;&#2347;&#2375; &#2360;&#2380;. &#2350;&#2306;&#2327;&#2354;&#2366; &#2310;&#2361;&#2375;&#2352;',NULL),(68,'Bhosari','1100101988','&#2349;&#2379;. &#2335;&#2375;&#2325;&#2381;&#2344;&#2379;-&#2319;&#2337; &#2311;&#2306;&#2335;&#2352;&#2346;&#2381;&#2352;&#2366;&#2351;&#2332;&#2375;&#2360; &#2340;&#2352;&#2381;&#2347;&#2375; &#2352;&#2357;&#2367;&#2342;&#2381;&#2352; &#2325;&#2369;&#2354;&#2325;&#2352;&#2381;&#2339;&#2367;',NULL),(69,'Bhosari','1100101989','&#2350;&#2375;. &#2332;&#2368;. &#2319;&#2350;. &#2311;&#2306;&#2332;&#2367;&#2344;&#2368;&#2309;&#2352;&#2381;&#2360;',NULL),(70,'Bhosari','1100101990','&#2350;&#2375;. &#2327;&#2381;&#2354;&#2379;&#2348;&#2354; &#2346;&#2376;&#2325;&#2375;&#2332;&#2368;&#2306;&#2327; &#2340;&#2352;&#2381;&#2347;&#2375; &#2346;&#2368;. &#2332;&#2368;. &#2350;&#2367;&#2352;&#2366;&#2344;&#2368;',NULL),(71,'Bhosari','1100101991','&#2350;&#2375;. &#2342;&#2367;&#2346;&#2342;&#2352;&#2381;&#2358;&#2344; &#2311;&#2306;&#2332;&#2367;&#2344;&#2367;&#2309;&#2352;&#2381;&#2360; &#2340;&#2352;&#2381;&#2347;&#2375; &#2351;&#2369;. &#2337;&#2367;. &#2327;&#2369;&#2352;&#2357;',NULL),(72,'Bhosari','1100101992','&#2350;&#2375;. &#2312;&#2358;&#2366; &#2311;&#2306;&#2337;&#2360;&#2381;&#2335;&#2381;&#2352;&#2367;&#2332; &#2340;&#2352;&#2381;&#2347;&#2375; &#2360;&#2380;&#8205;. &#2332;&#2368;, &#2346;&#2368;, &#2336;&#2379;&#2325;&#2352;&#2375;',NULL),(73,'Bhosari','1100101993','&#2350;&#2375;. &#2349;&#2366;&#2352;&#2340; &#2311;&#2306;&#2332;&#2367;&#2344;&#2367;&#2309;&#2352;&#2367;&#2306;&#2327; &#2357;&#2352;&#2381;&#2325;&#2381;&#2360;',NULL),(74,'Bhosari','1100101994','&#2350;&#2375;. &#2350;&#2367;&#2354;&#2381;&#2337; &#2333;&#2367;&#2352;&#2325;&#2377;&#2344; &#2311;&#2306;&#2337;&#2367;&#2351;&#2366; &#2340;&#2352;&#2381;&#2347;&#2375; &#2310;&#2352;. &#2360;&#2368;. &#2343;&#2366;&#2350;&#2368;.',NULL),(75,'Bhosari','1100101995','&#2350;&#2375;. &#2310;&#2351;&#2369;&#2359; &#2311;&#2306;&#2337;&#2360;&#2381;&#2335;&#2381;&#2352;&#2367;&#2332; &#2340;&#2352;&#2381;&#2347;&#2375; .',NULL),(76,'Bhosari','1100101996','&#2350;&#2375;. &#2358;&#2381;&#2352;&#2375;&#2351;&#2358; &#2319;&#2306;&#2335;&#2352;&#2346;&#2381;&#2352;&#2366;&#2332;&#2375;&#2360; &#2340;&#2352;&#2381;&#2347;&#2375; &#2340;&#2369;. &#2357;&#2367;. &#2327;&#2357;&#2381;&#2361;&#2366;&#2339;&#2375;.',NULL),(77,'Bhosari','1100101997','&#2350;&#2375;. &#2325;&#2375;. &#2310;&#2351;. &#2346;&#2368;. &#2319;&#2306;&#2335;&#2352;&#2346;&#2381;&#2352;&#2366;&#2332;&#2375;&#2360;',NULL),(78,'Bhosari','1100101998','&#2350;&#2375;. &#2309;&#2344;&#2369;&#2352;&#2366;&#2343;&#2366; &#2311;&#2306;&#2332;&#2367;. &#2311;&#2306;&#2337;&#2360;&#2381;&#2335;&#2381;&#2352;&#2367;&#2332; &#2360;&#2380;&#8204; &#2360;&#2357;&#2367;&#2340;&#2366; &#2327;&#2337;&#2360;&#2367;&#2306;&#2327;',NULL),(79,'Bhosari','1100101999','&#2350;&#2375;. &#2325;&#2375;. &#2319;&#2350;. &#2346;&#2376;&#2335;&#2352;&#2381;&#2344;&#2360; &#2357;&#2352;&#2381;&#2325;&#2381;&#2360;',NULL),(80,'Bhosari','1100102000','&#2350;&#2375;. &#2350;&#2379;&#2337;&#2352;&#2381;&#2344; &#2311;&#2306;&#2332;&#2367;&#2344;&#2367;&#2309;&#2352;&#2381;&#2360; &#2357;&#2352;&#2381;&#2325;&#2381;&#2360;',NULL),(81,'Bhosari','1100102001','&#2358;&#2381;&#2352;&#2368;. &#2309;&#2306;&#2327;&#2342; &#2332;&#2381;&#2334;&#2366;&#2344;&#2379;&#2348;&#2366; &#2360;&#2367;&#2352;&#2360;&#2335;',NULL),(82,'Bhosari','1100102002','&#2335;&#2381;&#2352;&#2366;&#2351;&#2379; &#2312;&#2354;&#2375;.&#2360;&#2367;&#2360;&#2381;&#2335;&#2367;&#2350;',NULL),(83,'Bhosari','1100102003','&#2360;&#2306;&#2342;&#2375;&#2358; &#2319;&#2306;&#2332;&#2367;&#2344;&#2368;&#2309;&#2352;&#2381;&#2360;',NULL),(84,'Bhosari','1100102004','&#2361;&#2352;&#2367;&#2358;&#2306;&#2325;&#2352; &#2350;&#2379;&#2340;&#2368;&#2354;&#2366;&#2354; &#2357;&#2367;&#2358;&#2381;&#2357;&#2325;&#2352;&#2381;&#2350;&#2366;',NULL),(85,'Bhosari','1100102005','&#2350;&#2375; &#2325;&#2381;&#2354;&#2373;&#2352;&#2368;&#2335;&#2360; &#2346;&#2377;&#2357;&#2352; &#2360;&#2367;&#2360;&#2381;&#2335;&#2368;&#2350; &#2360;&#2379;&#2354;&#2381;&#2351;&#2369;&#2358;&#2344; &#2346;&#2381;&#2352;&#2366; &#2354;&#2367; - &#2340;&#2369;&#2359;&#2366;&#2352; &#2342;&#2375;&#2358;&#2350;&#2369;&#2326; / &#2346;&#2366;&#2306;&#2337;&#2369;&#2352;&#2306;&#2327; &#2357;&#2367;&#2360;&#2354;&#2375;',NULL),(86,'Bhosari','1100102006','&#2321;&#2335;&#2379; &#2360;&#2381;&#2346;&#2366;&#2352;&#2381;&#2325; &#2346;&#2381;&#2352;&#2379; &#2346;&#2381;&#2352;&#2366; &#2309;&#2344;&#2367;&#2354; &#2333;&#2379;&#2346;&#2375;',NULL),(87,'Bhosari','1100102007','&#2335;&#2381;&#2352;&#2367;&#2346;&#2381;&#2354;&#2375;&#2325;&#2381;&#2360; &#2311;&#2354;&#2375;&#2325;&#2381;&#2335;&#2381;&#2352;&#2379;&#2325;&#2375;&#2350; &#2340;&#2352;&#2381;&#2347;&#2375; &#2358;&#2381;&#2352;&#2368; &#2350;&#2361;&#2366;&#2342;&#2375;&#2357; &#2360;&#2306;&#2346;&#2340;&#2381;&#2340;&#2352;&#2366;&#2357; &#2358;&#2367;&#2306;&#2342;&#2375; &#2357; &#2358;&#2381;&#2352;&#2368; &#2343;&#2344;&#2306;&#2332;&#2351; &#2360;&#2306;&#2346;&#2340;&#2352;&#2366;&#2357; &#2358;&#2367;&#2306;&#2342;&#2375;',NULL),(88,'Bhosari','1100102008','&#2360;&#2366;&#2312; &#2319;&#2306;&#2335;&#2352;&#2346;&#2381;&#2352;&#2366;&#2351;&#2332;&#2375;&#2360;',NULL),(89,'Bhosari','1100102009','&#2360;&#2367;&#2342;&#2381;&#2352;&#2366;&#2350; &#2327;&#2369;&#2337;&#2346;&#2381;&#2346;&#2366; &#2360;&#2367;&#2352;&#2369;&#2352;&#2375;',NULL),(90,'Bhosari','1100102010','&#2348;&#2368; &#2319;&#2350; &#2360;&#2368; &#2327;&#2381;&#2352;&#2370;&#2346; &#2321;&#2347; &#2311;&#2306;&#2337;&#2360;&#2381;&#2335;&#2381;&#2352;&#2368;&#2332;',NULL),(91,'Bhosari','1100102011','&#2350;&#2375;.&#2361;&#2354;&#2360;&#2367;&#2342;&#2381;&#2343;&#2344;&#2366;&#2341; &#2319;&#2306;&#2335;&#2346;&#2381;&#2352;&#2366;&#2351;&#2332;&#2375;&#2360; &#2340;&#2352;&#2381;&#2347;&#2375; &#2348;&#2379;&#2335;&#2375; &#2348;&#2367;&#2352;&#2366; &#2344;&#2367;&#2306;&#2327;&#2366;&#2346;&#2381;&#2346;&#2366;',NULL),(92,'Bhosari','1100102012','&#2350;&#2375;. &#2309;&#2325;&#2381;&#2359;&#2351; &#2346;&#2375;&#2325;&#2375;&#2332;&#2367;&#2327; &#2311;&#2306;&#2337;.',NULL),(93,'Bhosari','1100102013','&#2358;&#2381;&#2352;&#2368;. &#2352;&#2306;&#2332;&#2344;&#2366; &#2327;&#2377;&#2340;&#2350; &#2332;&#2376;&#2344; / &#2327;&#2380;&#2352;&#2357; &#2327;&#2380;&#2340;&#2350; &#2332;&#2376;&#2344;',NULL),(94,'Bhosari','1100102014','&#2350;&#2375; &#2360;&#2366;&#2361;&#2368;&#2354; &#2319;&#2306;&#2335;&#2352;&#2346;&#2381;&#2352;&#2366;&#2351;&#2332;&#2375;&#2360;',NULL),(95,'Bhosari','1100102015','&#2314;&#2359;&#2366; &#2361;&#2352;&#2367;&#2359;&#2352;&#2366;&#2357; &#2327;&#2369;&#2332;&#2352;',NULL),(96,'Bhosari','1100102016','&#2350;&#2368;&#2344;&#2366; &#2309;&#2352;&#2381;&#2332;&#2369;&#2344; &#2333;&#2369;&#2352;&#2306;&#2327;&#2375; &#2349;&#2379; &#2350;&#2366;&#2343;&#2369;&#2352;&#2368; &#2309;&#2358;&#2379;&#2325; &#2350;&#2366;&#2350;&#2368;&#2337;&#2357;&#2366;&#2352;',NULL),(97,'Bhosari','1100102017','&#2354;&#2340;&#2366; &#2325;&#2375; &#2346;&#2366;&#2335;&#2367;&#2354; &#2349;&#2379;. &#2309;&#2358;&#2379;&#2325; &#2352;&#2366;. &#2350;&#2366;&#2350;&#2368;&#2337;&#2357;&#2366;&#2352;',NULL),(98,'Bhosari','1100102018','&#2360;&#2330;&#2367;&#2344; &#2357;.&#2325;&#2366;&#2306;&#2348;&#2355;&#2375; &#2349;&#2379; &#2325;&#2367;&#2358;&#2379;&#2352; &#2350;&#2366;&#2352;&#2369;&#2337;&#2357;&#2366;&#2352;',NULL),(99,'Bhosari','1100102019','&#2350;&#2306;&#2332;&#2369;&#2342;&#2375;&#2357;&#2368; &#2342;&#2332;&#2366;&#2352;&#2366;&#2350; &#2330;&#2380;&#2343;&#2352;&#2368;',NULL),(100,'Bhosari','1100102020','&#2350;&#2375; &#2309;&#2332;&#2367;&#2340; &#2319;&#2306;&#2335;&#2352;&#2346;&#2381;&#2352;&#2366;&#2351;&#2332;&#2375;&#2360;',NULL),(101,'Bhosari','1100102021','&#2350;&#2375; &#2311;&#2360;&#2381;&#2335;&#2368;&#2350; &#2346;&#2381;&#2352;&#2375;&#2360; &#2346;&#2366;&#2352;&#2381;&#2335;&#2360;',NULL),(102,'Bhosari','1100102022','&#2360;&#2367;&#2342;&#2381;&#2343;&#2327;&#2369;&#2352;&#2369; &#2311;&#2306;&#2337;.&#2346;&#2381;&#2352;&#2367;&#2350;&#2366;&#8204;&#8204;. &#2360;&#2361;. &#2360;&#2306;&#814;. &#2354;&#2367;. &#2349;&#2379; &#2360;&#2379;&#2347;&#2381;&#2335;&#2327;&#2381;&#2352;&#2368;&#2346; &#2360;&#2379;&#2354;&#2381;&#2357;&#2369;&#2358;&#2344; &#2346;&#2381;&#2352;&#2366; &#2354;&#2367;.',NULL),(103,'Bhosari','1100102023','&#2346;&#2370;&#2344;&#2366; &#2311;&#2344;&#2381;&#2360;&#2381;&#2335;&#2381;&#2352;&#2369;&#2350;&#2375;&#2306;&#2335;&#2381;&#2360; &#2346;&#2381;&#2352;&#2366; &#2354;&#2367;. &#2319;&#2360; &#2327;&#2379;&#2346;&#2366;&#2354; &#2325;&#2381;&#2352;&#2370;&#2359;&#2381;&#2344;&#2339; / &#2360;&#2369;&#2306;&#2342;&#2352;&#2368; &#2327;&#2379;&#2346;&#2366;&#2354; &#2325;&#2381;&#2352;&#2370;&#2359;&#2381;&#2344;&#2339;',NULL),(104,'Bhosari','1100102024','&#2350;&#2375;. &#2310;&#2352;. &#2325;&#2375;. &#2360;&#2366;&#2306;&#2351;&#2335;&#2367;&#2347;&#2368;&#2325; &#2325;&#2306;',NULL),(105,'Bhosari','1100102025','&#2350;&#2375;. &#2325;&#2379;&#2325;&#2339;&#2375; &#2311;&#2306;&#2337;&#2360;&#2381;&#2335;&#2381;&#2352;&#2367;&#2332; &#2340;&#2352;&#2381;&#2347;&#2375; &#2358;&#2367;&#2357;&#2366;&#2332;&#2368; &#2319;&#2360;. &#2325;&#2379;&#2325;&#2339;&#2375;',NULL),(106,'Bhosari','1100102026','&#2350;&#2375;. &#2360;&#2340;&#2352;&#2366;&#2350; &#2320;&#2309;&#2352; &#2346;&#2381;&#2352;&#2379;&#2337;&#2325;&#2381;&#2335;&#2381;&#2360;',NULL),(107,'Bhosari','1100102027','&#2350;&#2375;. &#2309;&#2344;&#2369;&#2346; &#2311;&#2306;&#2332;&#2367;&#2344;&#2367;&#2309;&#2352;&#2367;&#2306;&#2327; &#2340;&#2352;&#2381;&#2347;&#2375; &#2309;&#2344;&#2369;&#2346; &#2336;&#2325;&#2369;&#2352;',NULL),(108,'Bhosari','1100102028','&#2350;&#2375;. &#2309;&#2344;&#2369;&#2332; &#2360;&#2381;&#2335;&#2367;&#2354; &#2340;&#2352;&#2381;&#2347;&#2375;-&#2346;&#2381;&#2352;&#2358;&#2366;&#2306;&#2340; &#2360;&#2369;. &#2349;&#2335;&#2381;&#2335;&#2381;&#2337;',NULL),(109,'Bhosari','1100102029','&#2350;&#2375;. &#2360;&#2350;&#2352;&#2381;&#2341; &#2311;&#2306;&#2332;&#2367;&#2344;&#2367;&#2309;&#2352;&#2381;&#2360; &#2340;&#2352;&#2381;&#2347;&#2375; &#2349;&#2366;&#2313;&#2360;&#2366;&#2361;&#2375;&#2348; &#2328;&#2379;&#2354;&#2346;',NULL),(110,'Bhosari','1100102030','&#2350;&#2375;. &#2332;&#2379;&#2358;&#2368; &#2312;&#2354;&#2375;&#2325;&#2381;&#2335;&#2381;&#2352;&#2379;&#2344;&#2367;&#2325;&#2381;&#2360; &#2309;&#2344;&#2381;&#2337; &#2312;&#2354;&#2375;&#2325;&#2381;&#2335;&#2381;&#2352;&#2367;&#2325;&#2354;&#2381;&#2360;',NULL),(111,'Bhosari','1100102031','&#2357;&#2367;&#2325;&#2381;&#2352;&#2350; &#2311;&#2306;&#2332;&#2367;&#2344;&#2368;&#2309;&#2352;&#2381;&#2360; &#2346;&#2381;&#2352;&#2379; &#2346;&#2381;&#2352;&#2366; &#2309;&#2350;&#2370;&#2340;&#2360;&#2367;&#2306;&#2327; &#2360;&#2327;&#2381;&#2327;&#2369;',NULL),(112,'Bhosari','1100102032','&#2350;&#2375; &#2346;&#2381;&#2352;&#2339;&#2357; &#2311;&#2306;&#2332;&#2367;&#2344;&#2368;&#2309;&#2352;&#2368;&#2306;&#2327; &#2346;&#2381;&#2352;&#2379; &#2319;&#2350; &#2326;&#2376;&#2352;&#2375;',NULL),(113,'Bhosari','1100102033','&#2319;&#2360; &#2319;&#2360; &#2319;&#2306;&#2335;&#2352;&#2346;&#2381;&#2352;&#2366;&#2351;&#2332;&#2375;&#2360; &#2346;&#2381;&#2352;&#2379; &#2346;&#2381;&#2352;&#2366; &#2358;&#2375;&#2326; &#2357;&#2361;&#2368;&#2342; &#2342;&#2366;&#2314;&#2342; &#2358;&#2375;&#2326; &#2361;&#2369;&#2360;&#2375;&#2344; &#2313;&#2360;&#2381;&#2350;&#2366;&#2344;',NULL),(114,'Bhosari','1100102034','&#2349;&#2379; &#2350;&#2375; &#2354;&#2367;&#2325;&#2321;&#2354; &#2346;&#2381;&#2352;&#2379; &#2352;&#2357;&#2367;&#2306;&#2342;&#2381;&#2352; &#2357;&#2366;&#2350;&#2344;&#2352;&#2366;&#2357; &#2360;&#2379;&#2344;&#2357;&#2339;&#2375;',NULL),(115,'Bhosari','1100102035','&#2350;&#2375;. &#2358;&#2367;&#2340;&#2354; &#2311;&#2306;&#2332;&#2367;&#2344;&#2367;&#2309;&#2352;&#2367;&#2306;&#2327; &#2340;&#2352;&#2381;&#2347;&#2375; &#2360;&#2306;&#2332;&#2351; &#2342;&#2367;. &#2357;&#2357;&#2354;&#2375;',NULL),(116,'Bhosari','1100102036','&#2350;&#2375;. &#2309;&#2325;&#2381;&#2359;&#2351; &#2311;&#2306;&#2337;&#2360;&#2381;&#2335;&#2381;&#2352;&#2367;&#2332; &#2340;&#2352;&#2381;&#2347;&#2375;- &#2319;&#2360;. &#2348;&#2368;. &#2328;&#2379;&#2352;&#2346;&#2337;&#2375;&#2360;&#2375;',NULL),(117,'Bhosari','1100102037','&#2351;&#2369;&#2352;&#2375;&#2325;&#2366; &#2311;&#2306;&#2332;&#2367; &#2319;&#2344;&#2381;&#2335;&#2352;&#2346;&#2381;&#2352;&#2366;&#2351;&#2332;&#2375;&#2360;',NULL),(118,'Bhosari','1100102038','&#2346;&#2381;&#2352;&#2327;&#2340;&#2368; &#2311;&#2306;&#2332;&#2367;&#2344;&#2367;&#2309;&#2352;&#2367;&#2306;&#2327; &#2340;&#2352;&#2381;&#2347;&#2375; &#2354;&#2325;&#2381;&#2359;&#2381;&#2350;&#2339; &#2358;&#2306;&#2325;&#2352; &#2325;&#2366;&#2355;&#2375;',NULL),(119,'Bhosari','1100102039','&#2350;&#2375; &#2357;&#2381;&#2352;&#2369;&#2359;&#2349; &#2311;&#2306;&#2337;&#2360;&#2381;&#2335;&#2381;&#2352;&#2368;&#2332;',NULL),(120,'Bhosari','1100102040','&#2342;&#2375;&#2357;&#2368;&#2348;&#2366;&#2312; &#2337;&#2368; &#2330;&#2306;&#2342;&#2366;&#2344;&#2368;',NULL),(121,'Bhosari','1100102041','&#2319;&#2360; &#2310;&#2352; &#2344;&#2366;&#2351;&#2337;&#2370;',NULL),(122,'Bhosari','1100102042','&#2327;&#2379;&#2354;&#2381;&#2337;&#2344; &#2360;&#2381;&#2335;&#2368;&#2354;',NULL),(123,'Bhosari','1100102043','&#2309;&#2357;&#2367;&#2344;&#2366;&#2358; &#2357;&#2366;&#2350;&#2344; &#2350;&#2366;&#2344;&#2325;&#2352;',NULL),(124,'Bhosari','1100102044','&#2350;&#2375; &#2351;&#2369;&#2344;&#2367;&#2357;&#2381;&#2361;&#2352;&#2381;&#2360;&#2354; &#2346;&#2381;&#2352;&#2367;&#2360;&#2367;&#2332;&#2344; &#2346;&#2381;&#2352;&#2377;&#2337;&#2325;&#2381;&#2335;&#2381;&#2360;',NULL),(125,'Bhosari','1100102046','&#2309;&#2352;&#2369;&#2339; &#2346;&#2381;&#2354;&#2366;&#2360;&#2381;&#2335; &#2346;&#2381;&#2352;&#2379; &#2332;&#2375; &#2319;&#2344; &#2348;&#2379;&#2306;&#2337;&#2375;',NULL),(126,'Bhosari','1100102046.099999904632568359375','&#2342;&#2367;&#2346;&#2325; &#2311;&#2306;&#2332;&#2367;.&#2357;&#2352;&#2381;&#2325;&#2381;&#2360; &#2340;&#2352;&#2381;&#2347;&#2375; &#2330;&#2357;&#2381;&#2361;&#2366;&#2339; &#2344;&#2366;&#2344;&#2366; / &#2309;&#2344;&#2367;&#2354; &#2344;&#2367;&#2357;&#2371;&#2340;&#2381;&#2340;&#2368;',NULL),(127,'Bhosari','1100102047','&#2350;&#2375; &#2344;&#2367;&#2352;&#2332; &#2357;&#2381;&#2361;&#2368;&#2354;&#2381;&#2360; &#2317;&#2337; &#2325;&#2375;&#2360;&#2381;&#2335;&#2352;&#2381;&#2360;',NULL),(128,'Bhosari','1100102049','&#2350;&#2375; &#2327;&#2369;&#2352;&#2369;&#2342;&#2340;&#2381;&#2340; &#2311;&#2306;&#2332;&#2367;&#2344;&#2367;&#2309;&#2352;&#2381;&#2360;',NULL),(129,'Bhosari','1100102050','&#2360;&#2367;&#2342;&#2381;&#2343;&#2375;&#2358;&#2381;&#2357;&#2352; &#2311;&#2306;&#2337;.&#2346;&#2381;&#2352;&#2366;&#814;&#2354;&#2367;.',NULL),(130,'Bhosari','1100102055','&#2350;&#2375; &#2327;&#2369;&#2337;&#2354;&#2325; &#2311;&#2306;&#2337;&#2381;&#2360;&#2381;&#2335;&#2381;&#2352;&#2368;&#2332; &#2340;&#2352;&#2381;&#2347;&#2375; &#2350;&#2379;&#2361;&#2350;&#2381;&#2350;&#2342; &#2361;&#2350;&#2368;&#2342; &#2326;&#2366;&#2344;',NULL),(131,'Bhosari','1100102056','&#2349;&#2379; &#2360;&#2366;&#2312; &#2352;&#2348;&#2352; &#2346;&#2381;&#2352;&#2377;&#2337;&#2325;&#2381;&#2335;',NULL),(132,'Bhosari','1100102059','&#2350;&#2375; &#2360;&#2366;&#2312;&#2344;&#2366;&#2341; &#2311;&#2306;&#2337;&#2360;&#2381;&#2335;&#2381;&#2352;&#2368;&#2332;',NULL),(133,'Bhosari','1100102060','&#2350;&#2375; &#2360;&#2366;&#2312;&#2344;&#2366;&#2341; &#2311;&#2306;&#2337;&#2360;&#2381;&#2335;&#2381;&#2352;&#2368;&#2332;',NULL),(134,'Bhosari','1100102061','&#2350;&#2375; &#2349;&#2366;&#2360;&#2381;&#2325;&#2352; &#2319;&#2306;&#2335;&#2352;&#2346;&#2381;&#2352;&#2366;&#2351;&#2332;&#2375;&#2360;',NULL),(135,'Bhosari','1100102063','&#2350;&#2375; &#2350;&#2366;&#2351;&#2366; &#2311;&#2306;&#2332;&#2367; &#2357;&#2352;&#2381;&#2325;&#2381;&#2360;',NULL),(136,'Bhosari','1100102064','&#2349;&#2379; &#2325;&#2381;&#2352;&#2369;&#2359;&#2381;&#2339;&#2366; &#2350;&#2369;&#2326;&#2352;&#2381;&#2332;&#2368;',NULL),(137,'Bhosari','1100102065','&#2340;&#2352;&#2369;&#2339; &#2352;&#2366;&#2343;&#2366;&#2325;&#2367;&#2360;&#2344; &#2325;&#2369;&#2325;&#2354;&#2366;&#2344;&#2368;',NULL),(138,'Bhosari','1100102066','&#2325;&#2367;&#2352;&#2381;&#2340;&#2368; &#2319;&#2306;&#2335;&#2352;&#2346;&#2381;&#2352;&#2366;&#2351;&#2332;&#2375;&#2360; &#2346;&#2381;&#2352;&#2379; &#2346;&#2381;&#2352;&#2366; &#2352;&#2357;&#2367;&#2306;&#2342;&#2381;&#2352; &#2332;&#2350;&#2369;&#2344;&#2366;&#2342;&#2366;&#2360; &#2310;&#2327;&#2352;&#2357;&#2366;&#2354;',NULL),(139,'Bhosari','1100102067','&#2350;&#2375; &#2358;&#2367;&#2357; &#2311;&#2306;&#2332;&#2367;&#2344;&#2368;&#2309;&#2352;&#2368;&#2306;&#2327; &#2346;&#2381;&#2352;&#2379; &#2346;&#2381;&#2352;&#2366; &#2332;&#2367;&#2340;&#2375;&#2306;&#2342;&#2381;&#2352; &#2310;&#2352; &#2360;&#2367;&#2306;&#2327;',NULL),(140,'Bhosari','1100102068','&#2350;&#2375; &#2346;&#2375;&#2344;&#2381;&#2335;&#2366;&#2327;&#2377;&#2344; &#2309;&#2360;&#2375;&#2306;&#2348;&#2381;&#2354;&#2368; &#2317;&#2335;&#2379;&#2350;&#2375;&#2358;&#2344; &#2346;&#2381;&#2352;&#2366; &#2354;&#2367; / &#2335;&#2368; &#2332;&#2381;&#2334;&#2366;&#2344;&#2375;&#2358;&#2381;&#2357;&#2352;, &#2332;&#2375;&#2350;&#2381;&#2360; &#2357;&#2381;&#2361;&#2368; &#2332;&#2377;&#2351;, &#2310;&#2352; &#2352;&#2366;&#2343;&#2366;&#2325;&#2370;&#2359;&#2381;&#2339;&#2344;',NULL),(141,'Bhosari','1100102069','&#2325;&#2370;&#2359;&#2381;&#2339;&#2366; &#2346;&#2381;&#2352;&#2379;&#2347;&#2366;&#2312;&#2354; &#2311;&#2306;&#2337;&#2381;&#2360;&#2381;&#2335;&#2381;&#2352;&#2368;&#2332; &#2346;&#2381;&#2352;&#2379; &#2346;&#2381;&#2352;&#2366; &#2309;&#2358;&#2379;&#2325; &#2350;&#2366;&#2306;&#2327;&#2368;&#2352;&#2366;&#2350; &#2310;&#2327;&#2352;&#2357;&#2366;&#2354;',NULL),(142,'Bhosari','1100102070','&#2350;&#2306;&#2327;&#2354;&#2366; &#2360;&#2366;&#2351;&#2348;&#2352; &#2330;&#2367;&#2335;&#2381;&#2330;&#2373;&#2335; &#2309;&#2305;&#2337; &#2327;&#2373;&#2352;&#2375;&#2332;',NULL),(143,'Bhosari','1100102071','&#2358;&#2381;&#2352;&#2368;. &#2361;&#2375;&#2350;&#2306;&#2340; &#2309;&#2358;&#2379;&#2325;&#2381;&#2352;&#2366;&#2357; &#2357; &#2346;&#2381;&#2352;&#2366;&#2330;&#2367; &#2361;&#2375;&#2350;&#2306;&#2340; &#2343;&#2350;&#2325;&#2375;',NULL),(144,'Bhosari','1100102072','&#2358;&#2381;&#2352;&#2368;. &#2357;&#2367;&#2354;&#2366;&#2360; &#2332;&#2327;&#2381;&#2327;&#2344;&#2381;&#2344;&#2366;&#2341; &#2350;&#2366;&#2355;&#2368;',NULL),(145,'Bhosari','1100102073','&#2350;&#2375; &#2352;&#2375;&#2337;&#2367;&#2309;&#2344;&#2381;&#2335; &#2361;&#2367;&#2335; &#2319;&#2325;&#2381;&#2360;&#2330;&#2375;&#2306;&#2332;&#2352; &#2346;&#2381;&#2352;&#2366; &#2354;&#2367; &#2337;&#2366;. &#2325;&#2375; &#2325;&#2375; &#2352;&#2366;&#2332;&#2366;&#2346;&#2370;&#2352;&#2325;&#2352;',NULL),(146,'Bhosari','1100102074','&#2350;&#2375; &#2360;&#2367;&#2342;&#2381;&#2343;&#2366; &#2346;&#2352;&#2347;&#2375;&#2325;&#2381;&#2335; &#2360;&#2367;&#2360;&#2381;&#2335;&#2368;&#2350;&#2381;&#2360; &#2346;&#2381;&#2352;&#2379; &#2346;&#2381;&#2352;&#2366; &#2350;&#2306;&#2327;&#2375;&#2358; &#2346;&#2381;&#2352;&#2349;&#2366;&#2325;&#2352; &#2344;&#2366;&#2312;&#2325; / &#2350;&#2370;&#2342;&#2369;&#2354;&#2366; &#2350;&#2344;&#2379;&#2332; &#2344;&#2366;&#2312;&#2325;',NULL),(147,'Bhosari','1100102075','&#2349;&#2379; &#2408;&#2407; &#2360;&#2375;&#2344;&#2381;&#2330;&#2381;&#2351;&#2369;&#2352;&#2368; &#2311;&#2344;&#2381;&#2347;&#2381;&#2352;&#2366; &#2335;&#2375;&#2354;&#2368; &#2354;&#2367;.',NULL),(148,'Bhosari','1100102076','&#2349;&#2379; &#2352;&#2367;&#2354;&#2366;&#2351;&#2344;&#2381;&#2360; &#2311;&#2344;&#2381;&#2347;&#2381;&#2352;&#2366;&#2335;&#2375;&#2354; &#2354;&#2367;.',NULL),(149,'Bhosari','1100102077','&#2319;&#2347;&#2375;&#2325;&#2381;&#2360; &#2335;&#2370;&#2354;&#2381;&#2360; &#2317;&#2344;&#2381;&#2337; &#2337;&#2366;&#2351; &#2346;&#2381;&#2352;&#2366; &#2354;&#2367;. &#2349;&#2379; &#2350;&#2375;&#8205;. &#2332;&#2368; &#2335;&#2368;. &#2319;&#2354; &#2311;&#2344;&#2381;&#2347;&#2381;&#2352;&#2366;&#2360;&#2381;&#2335;&#2381;&#2352;&#2325;&#2381;&#2330;&#2352; &#2354;&#2367;.',NULL),(150,'Bhosari','1100102078','&#2349;&#2379; &#2311;&#2306;&#2337;&#2360; &#2335;&#2377;&#2357;&#2352;&#2381;&#2360; &#2354;&#2367;.',NULL),(151,'Bhosari','1100102079','&#2350;&#2375; &#2311;&#2325;&#2381;&#2357;&#2368;&#2346;&#2373;&#2325; &#2311;&#2306;&#2332;&#2367;. - &#2319;&#2360; &#2330;&#2335;&#2379;&#2346;&#2366;&#2343;&#2381;&#2351;&#2366;&#2351;',NULL),(152,'Bhosari','1100102080','&#2350;&#2361;&#2366;&#2354;&#2325;&#2381;&#2359;&#2381;&#2350;&#2368; &#2346;&#2381;&#2352;&#2377;&#2346;&#2352;&#2381;&#2335;&#2368;&#2332; - &#2325;&#2346;&#2367;&#2354; &#2360;&#2340;&#2346;&#2366;&#2354; &#2309;&#2327;&#2352;&#2357;&#2366;&#2354;',NULL),(153,'Bhosari','1100102081','&#2360;&#2340;&#2346;&#2366;&#2354; &#2310;&#2352; &#2309;&#2327;&#2352;&#2357;&#2366;&#2354;',NULL),(154,'Bhosari','1100102082','&#2360;&#2366;&#2311;&#2347;&#2368; &#2361;&#2366;&#2352;&#2381;&#2337;&#2357;&#2375;&#2309;&#2352; &#2360;&#2381;&#2335;&#2379;&#2352; - &#2327;&#2369;&#2354;&#2366;&#2350; &#2309;&#2348;&#2381;&#2348;&#2366;&#2360; &#2319;&#2360; &#2352;&#2366;&#2350;&#2346;&#2369;&#2352;&#2366;&#2357;&#2366;&#2354;&#2366;',NULL),(155,'Bhosari','1100102083','&#2357;&#2367;&#2344;&#2368;&#2340; &#2354;&#2325;&#2381;&#2359;&#2381;&#2350;&#2339;&#2360;&#2367;&#2306;&#2327; &#2349;&#2342;&#2380;&#2352;&#2367;&#2351;&#2366;',NULL),(156,'Bhosari','1100102084','&#2358;&#2367;&#2357;&#2350; &#2325;&#2377;&#2350;&#2381;&#2346;&#2381;&#2351;&#2369;&#2335;&#2352; - &#2360;&#2306;&#2332;&#2368;&#2357; &#2360;&#2369;&#2349;&#2366;&#2359; &#2309;&#2327;&#2352;&#2357;&#2366;&#2354;',NULL),(157,'Bhosari','1100102085','&#2323;&#2350;&#2360;&#2366;&#2312; &#2319;&#2306;&#2335;&#2352;&#2346;&#2381;&#2352;&#2366;&#2351;&#2332;&#2375;&#2360; - &#2346;&#2306;&#2325;&#2332; &#2352;&#2366;&#2350;&#2325;&#2354;&#2366; &#2309;&#2327;&#2352;&#2357;&#2366;&#2354;',NULL),(158,'Bhosari','1100102086','&#2352;&#2366;&#2361;&#2369;&#2354; &#2360;&#2369;&#2352;&#2375;&#2306;&#2342;&#2381;&#2352; &#2309;&#2327;&#2352;&#2357;&#2366;&#2354;',NULL),(159,'Bhosari','1100102087','&#2350;&#2375; &#2310;&#2333;&#2366;&#2342; &#2335;&#2367;&#2346;&#2381;&#2360; &#2335;&#2370;&#2354;&#2381;&#2360; &#2360;&#2375;&#2306;&#2335;&#2352; - &#2309;&#2360;&#2327;&#2352;&#2309;&#2354;&#2368; &#2319;&#2350; &#2309;&#2361;&#2350;&#2342; &#2361;&#2369;&#2360;&#2375;&#2344;',NULL),(160,'Bhosari','1100102088','&#2309;&#2354;&#2368;&#2309;&#2360;&#2327;&#2352; &#2319;&#2350; &#2309;&#2361;&#2350;&#2342; &#2361;&#2369;&#2360;&#2375;&#2344; &#2310;&#2333;&#2366;&#2342;',NULL),(161,'Bhosari','1100102089','&#2352;&#2367;&#2354;&#2366;&#2351;&#2348;&#2354; &#2335;&#2369;&#2354;&#2381;&#2360; &#2360;&#2375;&#2306;&#2335;&#2352; - &#2309;&#2348;&#2381;&#2348;&#2366;&#2360; &#2332;&#2325;&#2368;&#2351;&#2342;&#2381;&#2342;&#2368;&#2344; &#2332;&#2366;&#2357;&#2342;&#2357;&#2366;&#2354;&#2366; / &#2332;&#2325;&#2368;&#2351;&#2342;&#2381;&#2342;&#2368;&#2344; &#2309;&#2348;&#2381;&#2342;&#2369;&#2354; &#2361;&#2369;&#2360;&#2375;&#2344; &#2332;&#2366;&#2357;&#2342;&#2357;&#2366;&#2354;&#2366;',NULL),(162,'Bhosari','1100102090','&#2350;&#2375; &#2350;&#2375;&#2361;&#2340;&#2366; &#2346;&#2381;&#2352;&#2375;&#2360;&#2367;&#2306;&#2327; &#2346;&#2381;&#2352;&#2379;&#2346;&#2381;&#2352;&#2366; &#2340;&#2369;&#2359;&#2366;&#2352; &#2350;&#2375;&#2361;&#2340;&#2366;',NULL),(163,'Bhosari','1100102091','&#2349;&#2379; &#2309;&#2348;&#2381;&#2348;&#2366;&#2360; &#2309;&#2350;&#2368;&#2352;&#2369;&#2342;&#2381;&#2342;&#2368;&#2344; &#2350;&#2344;&#2366;&#2360;&#2366;&#2357;&#2366;&#2354;&#2366;',NULL),(164,'Bhosari','1100102092','&#2352;&#2306;&#2332;&#2344;&#2366; &#2327;&#2380;&#2340;&#2350; &#2332;&#2376;&#2344; &#2349;&#2379;. &#2311;&#2306;&#2337;&#2367;&#2351;&#2366; &#2335;&#2375;&#2354;&#2375;&#2325;&#2377;&#2350; &#2346;&#2381;&#2352;&#2366;. &#2354;&#2367;.',NULL),(165,'Bhosari','1100102093','&#2349;&#2379;. &#2350;&#2375;. &#2310;&#2351;&#2337;&#2367;&#2351;&#2366; &#2360;&#2375;&#2354;&#2381;&#2351;&#2369;&#2354;&#2352; &#2354;&#2367;.',NULL),(166,'Bhosari','1100102094','&#2350;&#2375;. &#2360;&#2366;&#2357;&#2352;&#2368; &#2360;&#2381;&#2335;&#2373;&#2346;&#2368;&#2306;&#2327; &#2349;&#2379;. &#2350;&#2375;. &#2335;&#2366;&#2335;&#2366; &#2335;&#2375;&#2354;&#2375;&#2360;&#2357;&#2381;&#2361;&#2381;&#2352;&#2367;&#2360; ( &#2350;&#2361;&#2366; ) &#2354;&#2367;.',NULL),(167,'Bhosari','1100102095','&#2352;&#2306;&#2332;&#2344;&#2366; &#2327;&#2380;&#2340;&#2350; &#2332;&#2376;&#2344; &#2349;&#2379;. &#2319;&#2309;&#2352; &#2360;&#2375;&#2354; &#2354;&#2367;.',NULL),(168,'Bhosari','1100102096','&#2350;&#2375;.&#2311;&#2344;&#2379;&#2357;&#2381;&#2361;&#2366; &#2346;&#2381;&#2354;&#2366;&#2360;&#2381;&#2335;&#2368;&#2325; &#2335;&#2375;&#2325;&#2381;&#2344;&#2379; &#2346;&#2381;&#2352;&#2366; &#2354;&#2367;. &#2340;&#2352;&#2381;&#2347;&#2375; &#2351;&#2379;&#2327;&#2375;&#2358; &#2350;&#2343;&#2369;&#2325;&#2352; &#2348;&#2366;&#2348;&#2352;',NULL),(169,'Bhosari','1100102097','&#2350;&#2375;. &#2360;&#2369;&#2351;&#2358; &#2319;&#2306;&#2335;&#2352;&#2346;&#2381;&#2352;&#2366;&#2351;&#2332;&#2375;&#2360; &#2340;&#2352;&#2381;&#2347;&#2375; &#2319;. &#2357;&#2366;&#2355;&#2325;&#2375;/ &#2342;&#2366;. &#2330;&#2380;&#2343;&#2352;&#2368;',NULL),(170,'Bhosari','1100102098','&#2350;&#2375;. &#2337;&#2366;&#2354;&#2375; &#2311;&#2306;&#2332;&#2367;. &#2340;&#2352;&#2381;&#2347;&#2375; - &#2360;&#2306;&#2327;&#2367;&#2340;&#2366; &#2357; &#2340;&#2344;&#2381;&#2350;&#2351; &#2350;&#2325;&#2352;&#2306;&#2342; &#2342;&#2366;&#2340;&#2366;&#2352;',NULL),(171,'Bhosari','1100102099','&#2349;&#2379;. &#2360;&#2381;&#2335;&#2366;&#2352; &#2335;&#2381;&#2352;&#2375;&#2337;&#2368;&#2306;&#2327; &#2325;&#2306;&#2346;&#2344;&#2368; &#2340;&#2352;&#2381;&#2347;&#2375; &#2309;&#2354;&#2375;&#2325;&#2381;&#2360; &#2332;&#2377;&#2352;&#2381;&#2332;',NULL),(172,'Bhosari','1100102100','&#2350;&#2375;. &#2361;&#2352;&#2381;&#2359;&#2354; &#2361;&#2366;&#2352;&#2381;&#2337;&#2357;&#2375;&#2352; &#2349;&#2379;. &#2325;&#2357;&#2367;&#2340;&#2366; &#2348;&#2366;. &#2354;&#2366;&#2306;&#2337;&#2327;&#2375;',NULL),(173,'Bhosari','1100102101','&#2358;&#2367;&#2357;&#2366;&#2332;&#2368; &#2344;&#2366;. &#2350;&#2381;&#2361;&#2375;&#2340;&#2381;&#2352;&#2375; &#2349;&#2379;. &#2325;&#2357;&#2367;&#2340;&#2366; &#2348;&#2366;. &#2354;&#2366;&#2306;&#2337;&#2327;&#2375;',NULL),(174,'Bhosari','1100102102','&#2350;&#2375;. &#2361;&#2352;&#2381;&#2359;&#2342;&#2366; &#2319;&#2306;&#2344;&#2381;&#2335;&#2352;&#2346;&#2381;&#2352;&#2366;&#2351;&#2332;&#2375;&#2360; &#2349;&#2379;. &#2352;&#2350;&#2375;&#2358; &#2319;. &#2332;&#2366;&#2343;&#2357;',NULL),(175,'Bhosari','1100102103','&#2350;&#2375;. &#2319;&#2360;, &#2319;&#2350;. &#2319;&#2306;&#2335;&#2352;&#2346;&#2381;&#2352;&#2366;&#2351;&#2332;&#2375;&#2360; &#2340;&#2352;&#2381;&#2347;&#2375;-&#2358;&#2366;&#2352;&#2342;&#2366; &#2357; &#2360;&#2381;&#2350;&#2367;&#2340;&#2354;&#2325;&#2369;&#2350;&#2366;&#2352; &#2330;&#2379;&#2352;&#2337;&#2368;&#2351;&#2366;',NULL),(176,'Bhosari','1100102104','&#2349;&#2379;. &#2342;&#2367;&#2357;&#2381;&#2351;&#2366; &#2311;&#2306;&#2337;&#2360;&#2381;&#2335;&#2381;&#2352;&#2367;&#2332; &#2340;&#2352;&#2381;&#2347;&#2375; &#2350;&#2379;&#2352;&#2375; &#2357;&#2367;&#2358;&#2381;&#2357;&#2344;&#2366;&#2341;',NULL),(177,'Bhosari','1100102105','&#2349;&#2379;. &#2350;&#2375;. &#2346;&#2381;&#2352;&#2350;&#2379;&#2342; &#2311;&#2306;&#2332;&#2367;. &#2357;&#2381;&#2352;&#2352;&#2381;&#2325;&#2381;&#2360; &#2340;&#2352;&#2381;&#2347;&#2375; &#2346;&#2381;&#2352;&#2350;&#2379;&#2342; &#2325;&#2379;&#2355;&#2381;&#2360;&#2369;&#2352;&#2375;',NULL),(178,'Bhosari','1100102106','&#2350;&#2375;. &#2346;&#2381;&#2354;&#2375;&#2335; &#2350;&#2366;&#2360;&#2381;&#2335;&#2352; &#2340;&#2352;&#2381;&#2347;&#2375; &#2358;&#2381;&#2352;&#2368;&#2344;&#2367;&#2357;&#2366;&#2360; / &#2360;&#2369;&#2352;&#2381;&#2351;&#2325;&#2366;&#2306;&#2340; &#2357; &#2342;&#2367;&#2354;&#2367;&#2346; &#2352;&#2366;&#2336;&#2368;',NULL),(179,'Bhosari','1100102107','&#2350;&#2375; &#2310;&#2343;&#2366;&#2352; &#2311;&#2306;&#2337; &#2346;&#2381;&#2352;&#2367;&#2350;&#2366;. &#2349;&#2379;. &#2310;&#2342;&#2367;&#2340;&#2381;&#2351; &#2346;&#2368;. &#2344;&#2366;&#2351;&#2352;',NULL),(180,'Bhosari','1100102108','&#2350;&#2375;. &#2352;&#2366;&#2339;&#2375; &#2319;&#2325;&#2381;&#2360;&#2354; &#2317;&#2337;. &#2346;&#2381;&#2352;&#2375;&#2360;&#2367;&#2306;&#2327; &#2346;&#2381;&#2352;&#2366;. &#2354;&#2367;.',NULL),(181,'Bhosari','1100102109','&#2350;&#2375;. &#2348;&#2367;&#2332;&#2369; &#2311;&#2306;&#2332;&#2367;&#2344;&#2367;&#2309;&#2352;&#2381;&#2360; &#2340;&#2352;&#2381;&#2347;&#2375; &#2350;&#2375;&#2354;&#2346;&#2352;&#2381;&#2341; &#2357;. &#2346;&#2341;&#2352;&#2379;&#2333;',NULL),(182,'Bhosari','1100102110','&#2350;&#2375;. &#2309;&#2344;&#2369; &#2335;&#2368; &#2360;&#2381;&#2335;&#2377;&#2354;',NULL),(183,'Bhosari','1100102111','&#2350;&#2375;. &#2309;&#2344;&#2369; &#2335;&#2368; &#2360;&#2381;&#2335;&#2377;&#2354; &#2340;&#2352;&#2381;&#2347;&#2375; &#2347;&#2381;&#2352;&#2366;&#2306;&#2360;&#2368;&#2360; &#2344;&#2366;&#2337;&#2366;&#2352;',NULL),(184,'Bhosari','1100102112','&#2350;&#2375;. &#2360;&#2366;&#2312; &#2310;&#2360;&#2379;&#2360;&#2367;&#2319;&#2335;&#2360;.',NULL),(185,'Bhosari','1100102113','&#2350;&#2375;. &#2319;&#2350;. &#2319;&#2344;. &#2311;&#2306;&#2332;&#2367;&#2344;&#2367;&#2309;&#2352;&#2367;&#2306;&#2327;.',NULL),(186,'Bhosari','1100102114','&#2319;&#2325;&#2381;&#2360;&#2354;&#2306;&#2335; &#2311;&#2306;&#2337;&#2381;&#2360;&#2381;&#2335;&#2381;&#2352;&#2368;&#2332;',NULL),(187,'Bhosari','1100102115','&#2346;&#2369;&#2326;&#2366;&#2360;&#2367;&#2306;&#2327; &#2354;&#2366;&#2354;&#2360;&#2367;&#2327; &#2330;&#2380;&#2361;&#2366;&#2344;',NULL),(188,'Bhosari','1100102116','&#2350;&#2375; &#2357;&#2367;&#2358;&#2381;&#2357;&#2325;&#2352;&#2381;&#2350;&#2366; &#2313;&#2342;&#2381;&#2351;&#2379;&#2327;',NULL),(189,'Bhosari','1100102117','&#2323;&#2350; &#2319;&#2306;&#2335;&#2352;&#2346;&#2381;&#2352;&#2366;&#2351;&#2332;&#2375;&#2360; - &#2360;&#2369;&#2332;&#2368;&#2340; &#2358;&#2366;&#2306;&#2340;&#2366;&#2352;&#2366;&#2350; &#2336;&#2366;&#2325;&#2352;&#2375;',NULL),(190,'Bhosari','1100102118','&#2309;&#2354;&#2381;&#2335;&#2381;&#2352;&#2366; &#2311;&#2306;&#2332;&#2367;.&#2349;&#2379;.&#2350;&#2375;.&#2310;&#2351;&#2337;&#2367;&#2351;&#2366; &#2360;&#2375;&#2354;&#2381;&#2351;&#2369;&#2354;&#2352; &#2354;&#2367;.',NULL),(191,'Bhosari','1100102119','&#2349;&#2379;. &#2319;. &#2332;&#2375;. &#2319;&#2306;&#2335;&#2352;&#2346;&#2381;&#2352;&#2366;&#2332;&#2375;&#2360; &#2340;&#2352;&#2381;&#2347;&#2375; &#2327;&#2381;&#2352;&#2375;&#2360;&#2368; &#2309;&#2344;&#2381;&#2341;&#2379;&#2344;&#2368;',NULL),(192,'Bhosari','1100102120','&#2358;&#2381;&#2352;&#2368;. &#2352;&#2366;&#2350;&#2346;&#2381;&#2352;&#2357;&#2375;&#2358; &#2313;&#2340;&#2381;&#2340;&#2350; &#2360;&#2366;&#2361;&#2368;',NULL),(193,'Bhosari','1100102121','&#2350;&#2375;. &#2310;&#2343;&#2366;&#2352; &#2311;&#2306;&#2337;. &#2346;&#2381;&#2352;&#2367;&#2350;&#2366;. &#2325;&#2379; . &#2360;&#2379;.',NULL),(194,'Bhosari','1100102122','&#2349;&#2352;&#2340; &#2337;&#2368; &#2352;&#2366;&#2336;&#2379;&#2337; / &#2342;&#2367;&#2354;&#2368;&#2346;&#2325;&#2369;&#2350;&#2366;&#2352; &#2319;&#2350; &#2350;&#2354;&#2352;&#2375;&#2358;&#2366; &#2332;&#2376;&#2344;',NULL),(195,'Bhosari','1100102123','&#2360;&#2367;&#2342;&#2381;&#2343;&#2375;&#2358;&#2381;&#2357;&#2352; &#2311;&#2306;&#2337; &#2346;&#2381;&#2352;&#2367;&#2351;&#2366;&#8204; &#2360;&#2361; &#2360;&#2306;&#2360;&#2381;&#2341;&#2366; - &#2352;&#2379;&#2335;&#2379;&#2354;&#2373;&#2325; &#2311;&#2306;&#2332;&#2367;.&#2346;&#2381;&#2352;&#2366; &#2354;&#2367;',NULL),(196,'Bhosari','1100102124','&#2350;&#2375; &#2350;&#2375;&#2361;&#2375;&#2352; &#2335;&#2375;&#2325;&#2381;&#2344;&#2379;&#2325;&#2344;&#2381;&#2360;&#2354;&#2381;&#2335;&#2381;&#2344;&#2381;&#2360; &#2346;&#2381;&#2352;&#2366; &#2354;&#2367;',NULL),(197,'Bhosari','1100102125','&#2348;&#2366;&#2354;&#2366;&#2332;&#2368; &#2319;&#2306;&#2335;&#2352;&#2346;&#2381;&#2352;&#2366;&#2351;&#2332;&#2375;&#2360; - &#2354;&#2325;&#2381;&#2359;&#2381;&#2350;&#2368;&#2325;&#2366;&#2306;&#2340; &#2360;&#2342;&#2366;&#2358;&#2367;&#2357; &#2325;&#2379;&#2354;&#2381;&#2361;&#2375;',NULL),(198,'Bhosari','1100102126','&#2350;&#2375;&#2306;&#8204; &#2360;&#2306;&#2351;&#2379;&#2327; &#2311;&#2306;&#2337;&#2360;&#2381;&#2335;&#2381;&#2352;&#2367;&#2332; &#2346;&#2381;&#2352;&#2366;. &#2354;&#2367;. &#2340;&#2352;&#2381;&#2347;&#2375; &#2358;&#2306;&#2340;&#2344;&#2369; &#2349;&#2352;&#2340; &#2358;&#2367;&#2340;&#2379;&#2355;&#2375;',NULL),(199,'Bhosari','1100102127','&#2360;&#2332;&#2344;&#2360;&#2367;&#2306;&#2361; &#2319;&#2360;. &#2352;&#2366;&#2336;&#2379;&#2337;',NULL),(200,'Bhosari','1100102128','&#2354;&#2325;&#2381;&#2359;&#2381;&#2350;&#2339; &#2348;&#2348;&#2344; &#2358;&#2375;&#2355;&#2325;&#2375; &#2349;&#2379; &#2348;&#2348;&#2344; &#2350;&#2366;&#2352;&#2369;&#2340;&#2368; &#2354;&#2366;&#2306;&#2337;&#2327;&#2375;',NULL),(201,'Bhosari','1100102129','&#2330;&#2375;&#2309;&#2352;&#2350;&#2344; &#2310;&#2343;&#2366;. &#2311;&#2306;&#2337; &#2346;&#2381;&#2352;&#2367;&#2350;&#2366;.&#2349;&#2379;.&#2346;&#2381;&#2352;&#2340;&#2367;&#2349;&#2366; &#2330;&#2306;&#2342;&#2381;&#2352;&#2325;&#2366;&#2306;&#2340; &#2348;&#2366;&#2352;&#2375;',NULL),(202,'Bhosari','1100102130','&#2350;&#2375; &#2310;&#2343;&#2366;&#2352; &#2311;&#2306;&#2337; &#2346;&#2381;&#2352;&#2367;&#2350;&#2366;. &#2349;&#2379;. &#2330;&#2306;&#2342;&#2381;&#2352;&#2325;&#2366;&#2306;&#2340; &#2352;&#2366;&#2332;&#2366;&#2352;&#2366;&#2350; &#2348;&#2366;&#2352;&#2375;',NULL),(203,'Bhosari','1100102131','&#2358;&#2381;&#2352;&#2368;. &#2342;&#2340;&#2381;&#2340;&#2366;&#2340;&#2381;&#2352;&#2351; &#2358;&#2367;&#2357;&#2366;&#2332;&#2368; &#2352;&#2379;&#2326;&#2337;&#2375;',NULL),(204,'Bhosari','1100102132','&#2350;&#2375;. &#2360;&#2369;&#2346;&#2352; &#2360;&#2381;&#2335;&#2367;&#2354; &#2311;&#2306;&#2337;&#2360;&#2381;&#2335;&#2381;&#2352;&#2367;&#2332;',NULL),(205,'Bhosari','1100102133','&#2350;&#2375;. &#2351;&#2369;&#2344;&#2367;&#2335;&#2375;&#2325; &#2311;&#2325;&#2381;&#2357;&#2367;&#2346;&#2350;&#2375;&#2306;&#2335;',NULL),(206,'Bhosari','1100102134','&#2350;&#2375;. &#2309;&#2360;&#2375;&#2335; &#2311;&#2306;&#2332;&#2367;&#2344;&#2367;&#2309;&#2352;&#2381;&#2360; &#2346;&#2381;&#2352;&#2366;. &#2354;&#2367;.',NULL),(207,'Bhosari','1100102135','&#2350;&#2375;. &#2327;&#2369;&#2352;&#2369;&#2350;&#2367;&#2340; &#2311;&#2306;&#2332;&#2367;&#2344;&#2367;&#2309;&#2352;&#2367;&#2306;&#2327;',NULL),(208,'Bhosari','1100102136','&#2350;&#2375;. &#2323;&#2350;&#2360;&#2366;&#2312; &#2311;&#2306;&#2337; &#2346;&#2381;&#2352;&#2367;&#2350;&#2366;. &#2349;&#2379;. &#2309;&#2344;&#2367;&#2354; &#2332;&#2375; &#2350;&#2367;&#2340;&#2381;&#2340;&#2354;',NULL),(209,'Bhosari','1100102137','&#2350;&#2375;. &#2346;&#2381;&#2352;&#2368;&#2340; &#2319;&#2344;&#2381;&#2335;&#2352;&#2346;&#2381;&#2352;&#2366;&#2351;&#2332;&#2375;&#2360;',NULL),(210,'Bhosari','1100102138','&#2350;&#2375;. &#2343;&#2344;&#2358;&#2381;&#2352;&#2368; &#2311;&#2306;&#2332;&#2367;&#2344;&#2367;&#2309;&#2352;&#2368;&#2306;&#2327;',NULL),(211,'Bhosari','1100102139','&#2350;&#2375;. &#2319;&#2360;&#2375;&#2306;&#2335; &#2325;&#2360;&#2381;&#2335;&#2367;&#2306;&#2327; &#2335;&#2375;&#2325;&#2381;&#2344;&#2379;&#2354;&#2377;&#2332;&#2368;&#2325;&#2381;&#2360; &#2340;&#2352;&#2381;&#2347;&#2375; &#2346;&#2381;&#2352;&#2379;. &#2346;&#2381;&#2352;&#2366; &#2358;&#2381;&#2352;&#2368;. &#2325;&#2354;&#2381;&#2351;&#2366;&#2339; &#2337;&#2368; &#2348;&#2379;&#2348;&#2337;&#2375;',NULL),(212,'Bhosari','1100102140','&#2350;&#2375;. &#2350;&#2370;&#2342;&#2369;&#2354; &#2311;&#2306;&#2337;&#2360;&#2381;&#2335;&#2381;&#2352;&#2367;&#2332; &#2340;&#2352;&#2381;&#2347;&#2375; &#2309;&#2332;&#2351; &#2327;&#2366;&#2342;&#2375;&#2357;&#2366;&#2352;',NULL),(213,'Bhosari','1100102141','&#2350;&#2375;. &#2332;&#2351; &#2325;&#2366;&#2354;&#2367;&#2350;&#2366;&#2340;&#2366; &#2311;&#2306;&#2332;&#2367;. &#2340;&#2352;&#2381;&#2347;&#2375; - &#2319;&#2350;. &#2319;. &#2348;&#2379;&#2352;&#2325;&#2352;',NULL),(214,'Bhosari','1100102142','&#2350;&#2375; &#2311;&#2360;&#2381;&#2360;&#2366;&#2352; &#2311;&#2306;&#2337;&#2360;&#2381;&#2335;&#2381;&#2352;&#2368;&#2332;',NULL),(215,'Bhosari','1100102143','&#2350;&#2375;.&#2319;&#2360; &#2310;&#2352; &#2327;&#2369;&#2346;&#2381;&#2340;&#2366; / &#2310;&#2352; &#2310;&#2352; &#2327;&#2369;&#2346;&#2381;&#2340;&#2366;',NULL),(216,'Bhosari','1100102144','&#2350;&#2375;. &#2350;&#2366;&#2360; &#2311;&#2306;&#2332;&#2367;&#2344;&#2367;&#2309;&#2352;&#2381;&#2360;',NULL),(217,'Bhosari','1100102145','&#2350;&#2375;. &#2346;&#2342;&#2350;&#2366;&#2335;&#2375;&#2325; &#2311;&#2306;&#2332;&#2367;&#2344;&#2367;&#2309;&#2352;&#2381;&#2360; &#2360;&#2367;&#2360;&#2381;&#2335;&#2367;&#2350;',NULL),(218,'Bhosari','1100102146','&#2309;&#2358;&#2381;&#2347;&#2325; &#2360;&#2351;&#2381;&#2351;&#2342; &#2351;&#2366;&#2325;&#2369;&#2348;',NULL),(219,'Bhosari','1100102147','&#2357;&#2367;&#2358;&#2381;&#2357;&#2375;&#2358;&#2381;&#2357;&#2352; &#2311;&#2306;&#2337;.&#2346;&#2381;&#2352;&#2367;&#2350;&#2366;&#2351;&#2360;&#2375;&#2360; &#2325;&#2379;-&#2321;&#2346;&#8204;.&#2360;&#2379; &#2350;&#2343;&#2369;&#2352;&#2366; &#2352;&#2375;&#2347;&#2381;&#2352;&#2375;&#2358;&#2350;&#2375;&#2306;&#2335;',NULL),(220,'Bhosari','1100102148','&#2357;&#2367;&#2358;&#2381;&#2357;&#2375;&#2358;&#2381;&#2357;&#2352; &#2311;&#2306;&#2337;.&#2346;&#2381;&#2352;&#2367;&#2350;&#2366;&#2351;&#2360;&#2375;&#2360; &#2325;&#2379;-&#2321;&#2346;&#8204;.&#2360;&#2379; &#2319; &#2351;&#2369; &#2348;&#2379;&#2352;&#2366;',NULL),(221,'Bhosari','1100102149','&#2357;&#2367;&#2358;&#2381;&#2357;&#2375;&#2358;&#2381;&#2357;&#2352; &#2311;&#2306;&#2337;.&#2346;&#2381;&#2352;&#2367;&#2350;&#2366;&#2351;&#2360;&#2375;&#2360; &#2325;&#2379;-&#2321;&#2346;&#8204;.&#2360;&#2379; &#2319;&#2360; &#2319;&#2360; &#2346;&#2376;&#2336;&#2339;&#2325;&#2352;',NULL),(222,'Bhosari','1100102150','&#2357;&#2367;&#2358;&#2381;&#2357;&#2375;&#2358;&#2381;&#2357;&#2352; &#2311;&#2306;&#2337;.&#2346;&#2381;&#2352;&#2367;&#2350;&#2366;&#2351;&#2360;&#2375;&#2360; &#2325;&#2379;-&#2321;&#2346;&#8204;.&#2360;&#2379; &#2348;&#2368; &#2310;&#2352; &#2346;&#2366;&#2354;&#2366;&#2306;&#2337;&#2375;',NULL),(223,'Bhosari','1100102151','&#2357;&#2367;&#2358;&#2381;&#2357;&#2375;&#2358;&#2381;&#2357;&#2352; &#2311;&#2306;&#2337;.&#2346;&#2381;&#2352;&#2367;&#2350;&#2366;&#2351;&#2360;&#2375;&#2360; &#2325;&#2379;-&#2321;&#2346;&#8204;.&#2360;&#2379; &#2319;&#2350; &#2357;&#2381;&#2361;&#2368; &#2330;&#2357;&#2381;&#2361;&#2366;&#2339;',NULL),(224,'Bhosari','1100102152','&#2357;&#2367;&#2358;&#2381;&#2357;&#2375;&#2358;&#2381;&#2357;&#2352; &#2311;&#2306;&#2337;.&#2346;&#2381;&#2352;&#2367;&#2350;&#2366;&#2351;&#2360;&#2375;&#2360; &#2325;&#2379;-&#2321;&#2346;&#8204;.&#2360;&#2379; &#2319;&#2360; &#2319;&#2360; &#2327;&#2366;&#2337;&#2327;&#2368;&#2344;&#2357;&#2366;&#2352;',NULL),(225,'Bhosari','1100102153','&#2357;&#2367;&#2358;&#2381;&#2357;&#2375;&#2358;&#2381;&#2357;&#2352; &#2311;&#2306;&#2337;.&#2346;&#2381;&#2352;&#2367;&#2350;&#2366;&#2351;&#2360;&#2375;&#2360; &#2325;&#2379;-&#2321;&#2346;&#8204;.&#2360;&#2379; &#2319;&#2360; &#2319;&#2360; &#2332;&#2376;&#2342;',NULL),(226,'Bhosari','1100102154','&#2357;&#2367;&#2358;&#2381;&#2357;&#2375;&#2358;&#2381;&#2357;&#2352; &#2311;&#2306;&#2337;.&#2346;&#2381;&#2352;&#2367;&#2350;&#2366;&#2351;&#2360;&#2375;&#2360; &#2325;&#2379;-&#2321;&#2346;&#8204;.&#2360;&#2379; &#2346;&#2368; &#2319;&#2360; &#2361;&#2366;&#2346;&#2360;&#2375;',NULL),(227,'Bhosari','1100102155','&#2357;&#2367;&#2358;&#2381;&#2357;&#2375;&#2358;&#2381;&#2357;&#2352; &#2311;&#2306;&#2337;.&#2346;&#2381;&#2352;&#2367;&#2350;&#2366;&#2351;&#2360;&#2375;&#2360; &#2325;&#2379;-&#2321;&#2346;&#8204;.&#2360;&#2379; &#2352;&#2379;&#2348;&#2379;&#2335;&#2375;&#2325; &#2360;&#2367;&#2360;&#2381;&#2335;&#2368;&#2350;',NULL),(228,'Bhosari','1100102156','&#2357;&#2367;&#2358;&#2381;&#2357;&#2375;&#2358;&#2381;&#2357;&#2352; &#2311;&#2306;&#2337;.&#2346;&#2381;&#2352;&#2367;&#2350;&#2366;&#2351;&#2360;&#2375;&#2360; &#2325;&#2379;-&#2321;&#2346;&#8204;.&#2360;&#2379; &#2352;&#2379;&#2348;&#2379;&#2335;&#2375;&#2325; &#2360;&#2367;&#2360;&#2381;&#2335;&#2368;&#2350;',NULL),(229,'Bhosari','1100102157','&#2357;&#2367;&#2358;&#2381;&#2357;&#2375;&#2358;&#2381;&#2357;&#2352; &#2311;&#2306;&#2337;.&#2346;&#2381;&#2352;&#2367;&#2350;&#2366;&#2351;&#2360;&#2375;&#2360; &#2325;&#2379;-&#2321;&#2346;&#8204;.&#2360;&#2379; &#2335;&#2368; &#2357;&#2366;&#2351; &#2346;&#2366;&#2335;&#2368;&#2354;',NULL),(230,'Bhosari','1100102158','&#2357;&#2367;&#2358;&#2381;&#2357;&#2375;&#2358;&#2381;&#2357;&#2352; &#2311;&#2306;&#2337;.&#2346;&#2381;&#2352;&#2367;&#2350;&#2366;&#2351;&#2360;&#2375;&#2360; &#2325;&#2379;-&#2321;&#2346;&#8204;.&#2360;&#2379; &#2357;&#2366;&#2351; &#2319;&#2350; &#2346;&#2366;&#2335;&#2368;&#2354;',NULL),(231,'Bhosari','1100102159','&#2357;&#2367;&#2358;&#2381;&#2357;&#2375;&#2358;&#2381;&#2357;&#2352; &#2311;&#2306;&#2337;.&#2346;&#2381;&#2352;&#2367;&#2350;&#2366;&#2351;&#2360;&#2375;&#2360; &#2325;&#2379;-&#2321;&#2346;&#8204;.&#2360;&#2379; &#2360;&#2340;&#2367;&#2359; &#2311;&#2306;&#2337;&#2360;&#2381;&#2335;&#2381;&#2352;&#2368;&#2332;',NULL),(232,'Bhosari','1100102160','&#2357;&#2367;&#2358;&#2381;&#2357;&#2375;&#2358;&#2381;&#2357;&#2352; &#2311;&#2306;&#2337;.&#2346;&#2381;&#2352;&#2367;&#2350;&#2366;&#2351;&#2360;&#2375;&#2360; &#2325;&#2379;-&#2321;&#2346;&#8204;.&#2360;&#2379; &#2319;&#2360; &#2325;&#2375; &#2327;&#2352;&#2381;&#2327;',NULL),(233,'Bhosari','1100102161','&#2357;&#2367;&#2358;&#2381;&#2357;&#2375;&#2358;&#2381;&#2357;&#2352; &#2311;&#2306;&#2337;.&#2346;&#2381;&#2352;&#2367;&#2350;&#2366;&#2351;&#2360;&#2375;&#2360; &#2325;&#2379;-&#2321;&#2346;&#8204;.&#2360;&#2379; &#2352;&#2379;&#2358;&#2344; &#2335;&#2306;&#2325;',NULL),(234,'Bhosari','1100102162','&#2357;&#2367;&#2358;&#2381;&#2357;&#2375;&#2358;&#2381;&#2357;&#2352; &#2311;&#2306;&#2337;.&#2346;&#2381;&#2352;&#2367;&#2350;&#2366;&#2351;&#2360;&#2375;&#2360; &#2325;&#2379;-&#2321;&#2346;&#8204;.&#2360;&#2379; &#2319;&#2360; &#2319;&#2360; &#2325;&#2366;&#2355;&#2375;',NULL),(235,'Bhosari','1100102163','&#2357;&#2367;&#2358;&#2381;&#2357;&#2375;&#2358;&#2381;&#2357;&#2352; &#2311;&#2306;&#2337;.&#2346;&#2381;&#2352;&#2367;&#2350;&#2366;&#2351;&#2360;&#2375;&#2360; &#2325;&#2379;-&#2321;&#2346;&#8204;.&#2360;&#2379; &#2319;&#2360; &#2319; &#2352;&#2366;&#2332;&#2350;&#2366;&#2344;&#2375;',NULL),(236,'Bhosari','1100102164','&#2357;&#2367;&#2358;&#2381;&#2357;&#2375;&#2358;&#2381;&#2357;&#2352; &#2311;&#2306;&#2337;.&#2346;&#2381;&#2352;&#2367;&#2350;&#2366;&#2351;&#2360;&#2375;&#2360; &#2325;&#2379;-&#2321;&#2346;&#8204;.&#2360;&#2379; &#2319;&#2350; &#2319;&#2330; &#2358;&#2375;&#2326;',NULL),(237,'Bhosari','1100102165','&#2357;&#2367;&#2358;&#2381;&#2357;&#2375;&#2358;&#2381;&#2357;&#2352; &#2311;&#2306;&#2337;.&#2346;&#2381;&#2352;&#2367;&#2350;&#2366;&#2351;&#2360;&#2375;&#2360; &#2325;&#2379;-&#2321;&#2346;&#8204;.&#2360;&#2379; &#2319;&#2350; &#2319;&#2330; &#2358;&#2375;&#2326;',NULL),(238,'Bhosari','1100102166','&#2357;&#2367;&#2358;&#2381;&#2357;&#2375;&#2358;&#2381;&#2357;&#2352; &#2311;&#2306;&#2337;.&#2346;&#2381;&#2352;&#2367;&#2350;&#2366;&#2351;&#2360;&#2375;&#2360; &#2325;&#2379;-&#2321;&#2346;&#8204;.&#2360;&#2379; &#2319;&#2350; &#2357;&#2381;&#2361;&#2368; &#2360;&#2366;&#2355;&#2369;&#2306;&#2325;&#2375;',NULL),(239,'Bhosari','1100102167','&#2357;&#2367;&#2358;&#2381;&#2357;&#2375;&#2358;&#2381;&#2357;&#2352; &#2311;&#2306;&#2337;.&#2346;&#2381;&#2352;&#2367;&#2350;&#2366;&#2351;&#2360;&#2375;&#2360; &#2325;&#2379;-&#2321;&#2346;&#8204;.&#2360;&#2379; &#2357;&#2381;&#2361;&#2368; &#2337;&#2368; &#2358;&#2367;&#2340;&#2379;&#2355;&#2375;',NULL),(240,'Bhosari','1100102168','&#2357;&#2367;&#2358;&#2381;&#2357;&#2375;&#2358;&#2381;&#2357;&#2352; &#2311;&#2306;&#2337;.&#2346;&#2381;&#2352;&#2367;&#2350;&#2366;&#2351;&#2360;&#2375;&#2360; &#2325;&#2379;-&#2321;&#2346;&#8204;.&#2360;&#2379; &#2319;&#2350; &#2348;&#2368; &#2341;&#2379;&#2352;&#2366;&#2340;',NULL),(241,'Bhosari','1100102169','&#2357;&#2367;&#2358;&#2381;&#2357;&#2375;&#2358;&#2381;&#2357;&#2352; &#2311;&#2306;&#2337;.&#2346;&#2381;&#2352;&#2367;&#2350;&#2366;&#2351;&#2360;&#2375;&#2360; &#2325;&#2379;-&#2321;&#2346;&#8204;.&#2360;&#2379; &#2319;&#2344; &#2319;&#2360; &#2325;&#2366;&#2306;&#2348;&#2355;&#2375;',NULL),(242,'Bhosari','1100102170','&#2357;&#2367;&#2358;&#2381;&#2357;&#2375;&#2358;&#2381;&#2357;&#2352; &#2311;&#2306;&#2337;.&#2346;&#2381;&#2352;&#2367;&#2350;&#2366;&#2351;&#2360;&#2375;&#2360; &#2325;&#2379;-&#2321;&#2346;&#8204;.&#2360;&#2379; &#2319;&#2360; &#2346;&#2368; &#2332;&#2379;&#2358;&#2368;',NULL),(243,'Bhosari','1100102171','&#2357;&#2367;&#2358;&#2381;&#2357;&#2375;&#2358;&#2381;&#2357;&#2352; &#2311;&#2306;&#2337;.&#2346;&#2381;&#2352;&#2367;&#2350;&#2366;&#2351;&#2360;&#2375;&#2360; &#2325;&#2379;-&#2321;&#2346;&#8204;.&#2360;&#2379; &#2319;&#2360; &#2346;&#2368; &#2332;&#2379;&#2358;',NULL),(244,'Bhosari','1100102172','&#2357;&#2367;&#2358;&#2381;&#2357;&#2375;&#2358;&#2381;&#2357;&#2352; &#2311;&#2306;&#2337;.&#2346;&#2381;&#2352;&#2367;&#2350;&#2366;&#2351;&#2360;&#2375;&#2360; &#2325;&#2379;-&#2321;&#2346;&#8204;.&#2360;&#2379; &#2360;&#2381;&#2357;&#2366;&#2340;&#2368; &#2344;&#2366;&#2312;&#2325;',NULL),(245,'Bhosari','1100102173','&#2357;&#2367;&#2358;&#2381;&#2357;&#2375;&#2358;&#2381;&#2357;&#2352; &#2311;&#2306;&#2337;.&#2346;&#2381;&#2352;&#2367;&#2350;&#2366;&#2351;&#2360;&#2375;&#2360; &#2325;&#2379;-&#2321;&#2346;&#8204;.&#2360;&#2379; &#2360;&#2381;&#2357;&#2366;&#2340;&#2368; &#2344;&#2366;&#2312;&#2325;',NULL),(246,'Bhosari','1100102174','&#2357;&#2367;&#2358;&#2381;&#2357;&#2375;&#2358;&#2381;&#2357;&#2352; &#2311;&#2306;&#2337;.&#2346;&#2381;&#2352;&#2367;&#2350;&#2366;&#2351;&#2360;&#2375;&#2360; &#2325;&#2379;-&#2321;&#2346;&#8204;.&#2360;&#2379; &#2360;&#2381;&#2357;&#2366;&#2340;&#2368; &#2344;&#2366;&#2312;&#2325;',NULL),(247,'Bhosari','1100102175','&#2357;&#2367;&#2358;&#2381;&#2357;&#2375;&#2358;&#2381;&#2357;&#2352; &#2311;&#2306;&#2337;.&#2346;&#2381;&#2352;&#2367;&#2350;&#2366;&#2351;&#2360;&#2375;&#2360; &#2325;&#2379;-&#2321;&#2346;&#8204;.&#2360;&#2379; &#2360;&#2381;&#2357;&#2366;&#2340;&#2368; &#2344;&#2366;&#2312;&#2325;',NULL),(248,'Bhosari','1100102176','&#2357;&#2367;&#2358;&#2381;&#2357;&#2375;&#2358;&#2381;&#2357;&#2352; &#2311;&#2306;&#2337;.&#2346;&#2381;&#2352;&#2367;&#2350;&#2366;&#2351;&#2360;&#2375;&#2360; &#2325;&#2379;-&#2321;&#2346;&#8204;.&#2360;&#2379; &#2360;&#2381;&#2357;&#2366;&#2340;&#2368; &#2344;&#2366;&#2312;&#2325;',NULL),(249,'Bhosari','1100102177','&#2357;&#2367;&#2358;&#2381;&#2357;&#2375;&#2358;&#2381;&#2357;&#2352; &#2311;&#2306;&#2337;.&#2346;&#2381;&#2352;&#2367;&#2350;&#2366;&#2351;&#2360;&#2375;&#2360; &#2325;&#2379;-&#2321;&#2346;&#8204;.&#2360;&#2379; &#2347;&#2366;&#2312;&#2344; &#2337;&#2366;&#2312;&#2332; &#2309;&#2305;&#2337; &#2350;&#2379;&#2354;&#2381;&#2337;&#2360; (&#2311;&#2306;) &#2346;&#2381;&#2352;&#2366; &#2354;&#2367;',NULL),(250,'Bhosari','1100102178','&#2357;&#2367;&#2358;&#2381;&#2357;&#2375;&#2358;&#2381;&#2357;&#2352; &#2311;&#2306;&#2337;.&#2346;&#2381;&#2352;&#2367;&#2350;&#2366;&#2351;&#2360;&#2375;&#2360; &#2325;&#2379;-&#2321;&#2346;&#8204;.&#2360;&#2379; &#2347;&#2366;&#2312;&#2344; &#2337;&#2366;&#2312;&#2332; &#2309;&#2305;&#2337; &#2350;&#2379;&#2354;&#2381;&#2337;&#2360; (&#2311;&#2306;) &#2346;&#2381;&#2352;&#2366; &#2354;&#2367;',NULL),(251,'Bhosari','1100102179','&#2357;&#2367;&#2358;&#2381;&#2357;&#2375;&#2358;&#2381;&#2357;&#2352; &#2311;&#2306;&#2337;.&#2346;&#2381;&#2352;&#2367;&#2350;&#2366;&#2351;&#2360;&#2375;&#2360; &#2325;&#2379;-&#2321;&#2346;&#8204;.&#2360;&#2379; &#2347;&#2366;&#2312;&#2344; &#2337;&#2366;&#2312;&#2332; &#2309;&#2305;&#2337; &#2350;&#2379;&#2354;&#2381;&#2337;&#2360; (&#2311;&#2306;) &#2346;&#2381;&#2352;&#2366; &#2354;&#2367;',NULL),(252,'Bhosari','1100102180','&#2357;&#2367;&#2358;&#2381;&#2357;&#2375;&#2358;&#2381;&#2357;&#2352; &#2311;&#2306;&#2337;.&#2346;&#2381;&#2352;&#2367;&#2350;&#2366;&#2351;&#2360;&#2375;&#2360; &#2325;&#2379;-&#2321;&#2346;&#8204;.&#2360;&#2379; &#2357;&#2367;&#2358;&#2381;&#2357; &#2335;&#2375;&#2325;&#2381;&#2344;&#2377;&#2354;&#2377;&#2332;&#2367;&#2325; &#2346;&#2381;&#2352;&#2366; &#2354;&#2367;',NULL),(253,'Bhosari','1100102181','&#2357;&#2367;&#2358;&#2381;&#2357;&#2375;&#2358;&#2381;&#2357;&#2352; &#2311;&#2306;&#2337;.&#2346;&#2381;&#2352;&#2367;&#2350;&#2366;&#2351;&#2360;&#2375;&#2360; &#2325;&#2379;-&#2321;&#2346;&#8204;.&#2360;&#2379; &#2357;&#2367;&#2358;&#2381;&#2357; &#2335;&#2375;&#2325;&#2381;&#2344;&#2377;&#2354;&#2377;&#2332;&#2367;&#2325; &#2346;&#2381;&#2352;&#2366; &#2354;&#2367;',NULL),(254,'Bhosari','1100102182','&#2357;&#2367;&#2358;&#2381;&#2357;&#2375;&#2358;&#2381;&#2357;&#2352; &#2311;&#2306;&#2337;.&#2346;&#2381;&#2352;&#2367;&#2350;&#2366;&#2351;&#2360;&#2375;&#2360; &#2325;&#2379;-&#2321;&#2346;&#8204;.&#2360;&#2379; &#2319;&#2344; &#2332;&#2368; &#2348;&#2344;&#2325;&#2352;',NULL),(255,'Bhosari','1100102183','&#2357;&#2367;&#2358;&#2381;&#2357;&#2375;&#2358;&#2381;&#2357;&#2352; &#2311;&#2306;&#2337;.&#2346;&#2381;&#2352;&#2367;&#2350;&#2366;&#2351;&#2360;&#2375;&#2360; &#2325;&#2379;-&#2321;&#2346;&#8204;.&#2360;&#2379; &#2360; &#2319;&#2360; &#2310;&#2352; &#2360;&#2366;&#2326;&#2352;&#2375;',NULL),(256,'Bhosari','1100102184','&#2357;&#2367;&#2358;&#2381;&#2357;&#2375;&#2358;&#2381;&#2357;&#2352; &#2311;&#2306;&#2337;.&#2346;&#2381;&#2352;&#2367;&#2350;&#2366;&#2351;&#2360;&#2375;&#2360; &#2325;&#2379;-&#2321;&#2346;&#8204;.&#2360;&#2379; &#2310;&#2352; &#2319; &#2357;&#2366;&#2328;',NULL),(257,'Bhosari','1100102185','&#2357;&#2367;&#2358;&#2381;&#2357;&#2375;&#2358;&#2381;&#2357;&#2352; &#2311;&#2306;&#2337;.&#2346;&#2381;&#2352;&#2367;&#2350;&#2366;&#2351;&#2360;&#2375;&#2360; &#2325;&#2379;-&#2321;&#2346;&#8204;.&#2360;&#2379; &#2313;&#2359;&#2366; &#2319;&#2306;&#2335;&#2352;&#2346;&#2381;&#2352;&#2366;&#2351;&#2332;&#2375;&#2360;',NULL),(258,'Bhosari','1100102186','&#2357;&#2367;&#2358;&#2381;&#2357;&#2375;&#2358;&#2381;&#2357;&#2352; &#2311;&#2306;&#2337;.&#2346;&#2381;&#2352;&#2367;&#2350;&#2366;&#2351;&#2360;&#2375;&#2360; &#2325;&#2379;-&#2321;&#2346;&#8204;.&#2360;&#2379; &#2360;&#2366;&#2312; &#2335;&#2381;&#2352;&#2375;&#2337;&#2352;&#2381;&#2360;',NULL),(259,'Bhosari','1100102187','&#2357;&#2367;&#2358;&#2381;&#2357;&#2375;&#2358;&#2381;&#2357;&#2352; &#2311;&#2306;&#2337;.&#2346;&#2381;&#2352;&#2367;&#2350;&#2366;&#2351;&#2360;&#2375;&#2360; &#2325;&#2379;-&#2321;&#2346;&#8204;.&#2360;&#2379; &#2360;&#2366;&#2312; &#2335;&#2381;&#2352;&#2375;&#2337;&#2352;&#2381;&#2360;',NULL),(260,'Bhosari','1100102188','&#2357;&#2367;&#2358;&#2381;&#2357;&#2375;&#2358;&#2381;&#2357;&#2352; &#2311;&#2306;&#2337;.&#2346;&#2381;&#2352;&#2367;&#2350;&#2366;&#2351;&#2360;&#2375;&#2360; &#2325;&#2379;-&#2321;&#2346;&#8204;.&#2360;&#2379; &#2309;&#2341;&#2352;&#2381;&#2357; &#2317;&#2325;&#2373;&#2337;&#2381;&#2350;&#2368; &#2346;&#2381;&#2352;&#2366; &#2354;&#2367;',NULL),(261,'Bhosari','1100102189','&#2357;&#2367;&#2358;&#2381;&#2357;&#2375;&#2358;&#2381;&#2357;&#2352; &#2311;&#2306;&#2337;.&#2346;&#2381;&#2352;&#2367;&#2350;&#2366;&#2351;&#2360;&#2375;&#2360; &#2325;&#2379;-&#2321;&#2346;&#8204;.&#2360;&#2379; &#2309;&#2341;&#2352;&#2381;&#2357; &#2317;&#2325;&#2373;&#2337;&#2381;&#2350;&#2368; &#2346;&#2381;&#2352;&#2366; &#2354;&#2367;',NULL),(262,'Bhosari','1100102190','&#2357;&#2367;&#2358;&#2381;&#2357;&#2375;&#2358;&#2381;&#2357;&#2352; &#2311;&#2306;&#2337;.&#2346;&#2381;&#2352;&#2367;&#2350;&#2366;&#2351;&#2360;&#2375;&#2360; &#2325;&#2379;-&#2321;&#2346;&#8204;.&#2360;&#2379; &#2309;&#2341;&#2352;&#2381;&#2357; &#2317;&#2325;&#2373;&#2337;&#2381;&#2350;&#2368; &#2346;&#2381;&#2352;&#2366; &#2354;&#2367;',NULL),(263,'Bhosari','1100102191','&#2357;&#2367;&#2358;&#2381;&#2357;&#2375;&#2358;&#2381;&#2357;&#2352; &#2311;&#2306;&#2337;.&#2346;&#2381;&#2352;&#2367;&#2350;&#2366;&#2351;&#2360;&#2375;&#2360; &#2325;&#2379;-&#2321;&#2346;&#8204;.&#2360;&#2379; &#2319; &#2351;&#2369; &#2348;&#2379;&#2361;&#2352;&#2366;',NULL),(264,'Bhosari','1100102192','&#2357;&#2367;&#2358;&#2381;&#2357;&#2375;&#2358;&#2381;&#2357;&#2352; &#2311;&#2306;&#2337;.&#2346;&#2381;&#2352;&#2367;&#2350;&#2366;&#2351;&#2360;&#2375;&#2360; &#2325;&#2379;-&#2321;&#2346;&#8204;.&#2360;&#2379; &#2348;&#2367;.&#2310;&#2352;.&#2346;&#2366;&#2354;&#2366;&#2306;&#2337;&#2375;',NULL),(265,'Bhosari','1100102193','&#2357;&#2367;&#2358;&#2381;&#2357;&#2375;&#2358;&#2381;&#2357;&#2352; &#2311;&#2306;&#2337;.&#2346;&#2381;&#2352;&#2367;&#2350;&#2366;&#2351;&#2360;&#2375;&#2360; &#2325;&#2379;-&#2321;&#2346;&#8204;.&#2360;&#2379;',NULL),(266,'Bhosari','1100102194','&#2357;&#2367;&#2358;&#2381;&#2357;&#2375;&#2358;&#2381;&#2357;&#2352; &#2311;&#2306;&#2337;.&#2346;&#2381;&#2352;&#2367;&#2350;&#2366;&#2351;&#2360;&#2375;&#2360; &#2325;&#2379;-&#2321;&#2346;&#8204;.&#2360;&#2379; &#2319;&#2344; &#2332;&#2368; &#2348;&#2344;&#2325;&#2352;',NULL),(267,'Bhosari','1100102195','&#2357;&#2367;&#2358;&#2381;&#2357;&#2375;&#2358;&#2381;&#2357;&#2352; &#2311;&#2306;&#2337;.&#2346;&#2381;&#2352;&#2367;&#2350;&#2366;&#2351;&#2360;&#2375;&#2360; &#2325;&#2379;-&#2321;&#2346;&#8204;.&#2360;&#2379; &#2319;&#2360; &#2310;&#2352; &#2360;&#2366;&#2326;&#2352;&#2375;',NULL),(268,'Bhosari','1100102196','&#2357;&#2367;&#2358;&#2381;&#2357;&#2375;&#2358;&#2381;&#2357;&#2352; &#2311;&#2306;&#2337;.&#2346;&#2381;&#2352;&#2367;&#2350;&#2366;&#2351;&#2360;&#2375;&#2360; &#2325;&#2379;-&#2321;&#2346;&#8204;.&#2360;&#2379; &#2319;&#2360; &#2319;&#2360; &#2344;&#2366;&#2312;&#2325;',NULL),(269,'Bhosari','1100102197','&#2357;&#2367;&#2358;&#2381;&#2357;&#2375;&#2358;&#2381;&#2357;&#2352; &#2311;&#2306;&#2337;.&#2346;&#2381;&#2352;&#2367;&#2350;&#2366;&#2351;&#2360;&#2375;&#2360; &#2325;&#2379;-&#2321;&#2346;&#8204;.&#2360;&#2379; &#2319;&#2360; &#2319;&#2360; &#2344;&#2366;&#2312;&#2325;',NULL),(270,'Bhosari','1100102198','&#2357;&#2367;&#2358;&#2381;&#2357;&#2375;&#2358;&#2381;&#2357;&#2352; &#2311;&#2306;&#2337;.&#2346;&#2381;&#2352;&#2367;&#2350;&#2366;&#2351;&#2360;&#2375;&#2360; &#2325;&#2379;-&#2321;&#2346;&#8204;.&#2360;&#2379; &#2357;&#2381;&#2361;&#2368; &#2319;&#2350; &#2332;&#2366;&#2343;&#2357;',NULL),(271,'Bhosari','1100102199','&#2357;&#2367;&#2358;&#2381;&#2357;&#2375;&#2358;&#2381;&#2357;&#2352; &#2311;&#2306;&#2337;.&#2346;&#2381;&#2352;&#2367;&#2350;&#2366;&#2351;&#2360;&#2375;&#2360; &#2325;&#2379;-&#2321;&#2346;&#8204;.&#2360;&#2379; &#2348;&#2368; &#2319;&#2354; &#2346;&#2366;&#2335;&#2368;&#2354;',NULL),(272,'Bhosari','1100102200','&#2357;&#2367;&#2358;&#2381;&#2357;&#2375;&#2358;&#2381;&#2357;&#2352; &#2311;&#2306;&#2337;.&#2346;&#2381;&#2352;&#2367;&#2350;&#2366;&#2351;&#2360;&#2375;&#2360; &#2325;&#2379;-&#2321;&#2346;&#8204;.&#2360;&#2379; &#2319;&#2360; &#2319;&#2354; &#2346;&#2366;&#2335;&#2368;&#2354;',NULL),(273,'Bhosari','1100102201','&#2357;&#2367;&#2358;&#2381;&#2357;&#2375;&#2358;&#2381;&#2357;&#2352; &#2311;&#2306;&#2337;.&#2346;&#2381;&#2352;&#2367;&#2350;&#2366;&#2351;&#2360;&#2375;&#2360; &#2325;&#2379;-&#2321;&#2346;&#8204;.&#2360;&#2379; &#2319;&#2360; &#2319;&#2360; &#2344;&#2366;&#2312;&#2325;',NULL),(274,'Bhosari','1100102202','&#2357;&#2367;&#2358;&#2381;&#2357;&#2375;&#2358;&#2381;&#2357;&#2352; &#2311;&#2306;&#2337;.&#2346;&#2381;&#2352;&#2367;&#2350;&#2366;&#2351;&#2360;&#2375;&#2360; &#2325;&#2379;-&#2321;&#2346;&#8204;.&#2360;&#2379; &#2319;&#2360; &#2319;&#2360; &#2344;&#2366;&#2312;&#2325;',NULL),(275,'Bhosari','1100102203','&#2357;&#2367;&#2358;&#2381;&#2357;&#2375;&#2358;&#2381;&#2357;&#2352; &#2311;&#2306;&#2337;.&#2346;&#2381;&#2352;&#2367;&#2350;&#2366;&#2351;&#2360;&#2375;&#2360; &#2325;&#2379;-&#2321;&#2346;&#8204;.&#2360;&#2379; &#2347;&#2366;&#2312;&#2344; &#2337;&#2366;&#2312;&#2332; &#2309;&#2305;&#2337; &#2350;&#2379;&#2354;&#2381;&#2337;&#2381;&#2360; (&#2311;) &#2346;&#2381;&#2352;&#2366; &#2354;&#2367;',NULL),(276,'Bhosari','1100102204','&#2357;&#2367;&#2358;&#2381;&#2357;&#2375;&#2358;&#2381;&#2357;&#2352; &#2311;&#2306;&#2337;.&#2346;&#2381;&#2352;&#2367;&#2350;&#2366;&#2351;&#2360;&#2375;&#2360; &#2325;&#2379;-&#2321;&#2346;&#8204;.&#2360;&#2379; &#2347;&#2366;&#2312;&#2344; &#2337;&#2366;&#2312;&#2332; &#2309;&#2305;&#2337; &#2350;&#2379;&#2354;&#2381;&#2337;&#2381;&#2360; (&#2311;) &#2346;&#2381;&#2352;&#2366; &#2354;&#2367;',NULL),(277,'Bhosari','1100102205','&#2357;&#2367;&#2358;&#2381;&#2357;&#2375;&#2358;&#2381;&#2357;&#2352; &#2311;&#2306;&#2337;.&#2346;&#2381;&#2352;&#2367;&#2350;&#2366;&#2351;&#2360;&#2375;&#2360; &#2325;&#2379;-&#2321;&#2346;&#8204;.&#2360;&#2379; &#2347;&#2366;&#2312;&#2344; &#2337;&#2366;&#2312;&#2332; &#2309;&#2305;&#2337; &#2350;&#2379;&#2354;&#2381;&#2337;&#2381;&#2360; (&#2311;) &#2346;&#2381;&#2352;&#2366; &#2354;&#2367;',NULL),(278,'Bhosari','1100102206','&#2357;&#2367;&#2358;&#2381;&#2357;&#2375;&#2358;&#2381;&#2357;&#2352; &#2311;&#2306;&#2337;.&#2346;&#2381;&#2352;&#2367;&#2350;&#2366;&#2351;&#2360;&#2375;&#2360; &#2325;&#2379;-&#2321;&#2346;&#8204;.&#2360;&#2379; &#2347;&#2366;&#2312;&#2344; &#2337;&#2366;&#2312;&#2332; &#2309;&#2305;&#2337; &#2350;&#2379;&#2354;&#2381;&#2337;&#2381;&#2360; (&#2311;) &#2346;&#2381;&#2352;&#2366; &#2354;&#2367;',NULL),(279,'Bhosari','1100102207','&#2357;&#2367;&#2358;&#2381;&#2357;&#2375;&#2358;&#2381;&#2357;&#2352; &#2311;&#2306;&#2337;.&#2346;&#2381;&#2352;&#2367;&#2350;&#2366;&#2351;&#2360;&#2375;&#2360; &#2325;&#2379;-&#2321;&#2346;&#8204;.&#2360;&#2379; &#2347;&#2366;&#2312;&#2344; &#2337;&#2366;&#2312;&#2332; &#2309;&#2305;&#2337; &#2350;&#2379;&#2354;&#2381;&#2337;&#2381;&#2360; (&#2311;) &#2346;&#2381;&#2352;&#2366; &#2354;&#2367;',NULL),(280,'Bhosari','1100102208','&#2357;&#2367;&#2358;&#2381;&#2357;&#2375;&#2358;&#2381;&#2357;&#2352; &#2311;&#2306;&#2337;.&#2346;&#2381;&#2352;&#2367;&#2350;&#2366;&#2351;&#2360;&#2375;&#2360; &#2325;&#2379;-&#2321;&#2346;&#8204;.&#2360;&#2379; &#2319;&#2344; &#2332;&#2368; &#2348;&#2344;&#2325;&#2352;',NULL),(281,'Bhosari','1100102209','&#2357;&#2367;&#2358;&#2381;&#2357;&#2375;&#2358;&#2381;&#2357;&#2352; &#2311;&#2306;&#2337;.&#2346;&#2381;&#2352;&#2367;&#2350;&#2366;&#2351;&#2360;&#2375;&#2360; &#2325;&#2379;-&#2321;&#2346;&#8204;.&#2360;&#2379; &#2319;&#2360; &#2310;&#2352; &#2360;&#2366;&#2326;&#2352;&#2375;',NULL),(282,'Bhosari','1100102210','&#2357;&#2367;&#2358;&#2381;&#2357;&#2375;&#2358;&#2381;&#2357;&#2352; &#2311;&#2306;&#2337;.&#2346;&#2381;&#2352;&#2367;&#2350;&#2366;&#2351;&#2360;&#2375;&#2360; &#2325;&#2379;-&#2321;&#2346;&#8204;.&#2360;&#2379; &#2357;&#2381;&#2361;&#2368; &#2337;&#2368; &#2358;&#2367;&#2306;&#2342;&#2375;',NULL),(283,'Bhosari','1100102211','&#2357;&#2367;&#2358;&#2381;&#2357;&#2375;&#2358;&#2381;&#2357;&#2352; &#2311;&#2306;&#2337;.&#2346;&#2381;&#2352;&#2367;&#2350;&#2366;&#2351;&#2360;&#2375;&#2360; &#2325;&#2379;-&#2321;&#2346;&#8204;.&#2360;&#2379; &#2319;&#2344; &#2319;&#2360; &#2344;&#2366;&#2312;&#2325;',NULL),(284,'Bhosari','1100102212','&#2350;&#2375;. &#2344;&#2366;&#2327; &#2335;&#2369;&#2354;&#2381;&#2360; &#2346;&#2381;&#2352;&#2379;. &#2346;&#2381;&#2352;&#2366;. &#2344;&#2366;&#2327;&#2346;&#2381;&#2346;&#2366; &#2325;&#2369;&#2306;&#2349;&#2366;&#2352;',NULL),(285,'Bhosari','1100102213','&#2350;&#2375;. &#2344;&#2366;&#2327; &#2335;&#2369;&#2354;&#2381;&#2360; &#2346;&#2381;&#2352;&#2379;. &#2346;&#2381;&#2352;&#2366;. &#2344;&#2366;&#2327;&#2346;&#2381;&#2346;&#2366; &#2325;&#2369;&#2306;&#2349;&#2366;&#2352;',NULL),(286,'Bhosari','1100102214','&#2357;&#2367;&#2358;&#2381;&#2357;&#2375;&#2358;&#2381;&#2357;&#2352; &#2311;&#2306;&#2337;.&#2346;&#2381;&#2352;&#2367;&#2350;&#2366;&#2351;&#2360;&#2375;&#2360; &#2325;&#2379;-&#2321;&#2346;&#8204;.&#2360;&#2379; &#2349;&#2379; &#2349;&#2352;&#2340; &#2357; &#2358;&#2376;&#2354;&#2375;&#2358; &#2346;&#2366;&#2352;&#2360;&#2350;&#2354; &#2332;&#2376;&#2344;',NULL),(287,'Bhosari','1100102215','&#2357;&#2367;&#2358;&#2381;&#2357;&#2375;&#2358;&#2381;&#2357;&#2352; &#2311;&#2306;&#2337;.&#2346;&#2381;&#2352;&#2367;&#2350;&#2366;&#2351;&#2360;&#2375;&#2360; &#2325;&#2379;-&#2321;&#2346;&#8204;.&#2360;&#2379; &#2325;&#2354;&#2381;&#2351;&#2366;&#2339;&#2368; &#2319;&#2306;&#2335;&#2352;&#2346;&#2381;&#2352;&#2366;&#2351;&#2332;&#2375;&#2360;',NULL),(288,'Bhosari','1100102216','&#2357;&#2367;&#2358;&#2381;&#2357;&#2375;&#2358;&#2381;&#2357;&#2352; &#2311;&#2306;&#2337;.&#2346;&#2381;&#2352;&#2367;&#2350;&#2366;&#2351;&#2360;&#2375;&#2360; &#2325;&#2379;-&#2321;&#2346;&#8204;.&#2360;&#2379; &#2319; &#2351;&#2369; &#2348;&#2379;&#2352;&#2366;',NULL),(289,'Bhosari','1100102217','&#2357;&#2367;&#2358;&#2381;&#2357;&#2375;&#2358;&#2381;&#2357;&#2352; &#2311;&#2306;&#2337;.&#2346;&#2381;&#2352;&#2367;&#2350;&#2366;&#2351;&#2360;&#2375;&#2360; &#2325;&#2379;-&#2321;&#2346;&#8204;.&#2360;&#2379; &#2325;&#2375; &#2319;&#2330; &#2352;&#2366;&#2332;&#2346;&#2369;&#2340;',NULL),(290,'Bhosari','1100102218','&#2357;&#2367;&#2358;&#2381;&#2357;&#2375;&#2358;&#2381;&#2357;&#2352; &#2311;&#2306;&#2337;.&#2346;&#2381;&#2352;&#2367;&#2350;&#2366;&#2351;&#2360;&#2375;&#2360; &#2325;&#2379;-&#2321;&#2346;&#8204;.&#2360;&#2379; &#2348;&#2368; &#2351;&#2369; &#2332;&#2376;&#2344;',NULL),(291,'Bhosari','1100102219','&#2357;&#2367;&#2358;&#2381;&#2357;&#2375;&#2358;&#2381;&#2357;&#2352; &#2311;&#2306;&#2337;.&#2346;&#2381;&#2352;&#2367;&#2350;&#2366;&#2351;&#2360;&#2375;&#2360; &#2325;&#2379;-&#2321;&#2346;&#8204;.&#2360;&#2379; &#2319;&#2360; &#2310;&#2352; &#2350;&#2367;&#2360;&#2366;&#2355;',NULL),(292,'Bhosari','1100102220','&#2357;&#2367;&#2358;&#2381;&#2357;&#2375;&#2358;&#2381;&#2357;&#2352; &#2311;&#2306;&#2337;.&#2346;&#2381;&#2352;&#2367;&#2350;&#2366;&#2351;&#2360;&#2375;&#2360; &#2325;&#2379;-&#2321;&#2346;&#8204;.&#2360;&#2379; &#2332;&#2368; &#2348;&#2368; &#2323;&#2360;&#2357;&#2366;&#2354;',NULL),(293,'Bhosari','1100102221','&#2357;&#2367;&#2358;&#2381;&#2357;&#2375;&#2358;&#2381;&#2357;&#2352; &#2311;&#2306;&#2337;.&#2346;&#2381;&#2352;&#2367;&#2350;&#2366;&#2351;&#2360;&#2375;&#2360; &#2325;&#2379;-&#2321;&#2346;&#8204;.&#2360;&#2379; &#2332;&#2376;&#2325;&#2355; &#2335;&#2370;&#2354;&#2381;&#2360; &#2309;&#2305;&#2337; &#2361;&#2366;&#2352;&#2381;&#2337;&#2357;&#2375;&#2309;&#2352;',NULL),(294,'Bhosari','1100102222','&#2357;&#2367;&#2358;&#2381;&#2357;&#2375;&#2358;&#2381;&#2357;&#2352; &#2311;&#2306;&#2337;.&#2346;&#2381;&#2352;&#2367;&#2350;&#2366;&#2351;&#2360;&#2375;&#2360; &#2325;&#2379;-&#2321;&#2346;&#8204;.&#2360;&#2379; &#2357;&#2366;&#2351; &#2319;&#2350; &#2346;&#2366;&#2335;&#2368;&#2354;',NULL),(295,'Bhosari','1100102223','&#2357;&#2367;&#2358;&#2381;&#2357;&#2375;&#2358;&#2381;&#2357;&#2352; &#2311;&#2306;&#2337;.&#2346;&#2381;&#2352;&#2367;&#2350;&#2366;&#2351;&#2360;&#2375;&#2360; &#2325;&#2379;-&#2321;&#2346;&#8204;.&#2360;&#2379; &#2319;&#2360; &#2319;&#2360; &#2344;&#2366;&#2312;&#2325;',NULL),(296,'Bhosari','1100102224','&#2357;&#2367;&#2358;&#2381;&#2357;&#2375;&#2358;&#2381;&#2357;&#2352; &#2311;&#2306;&#2337;.&#2346;&#2381;&#2352;&#2367;&#2350;&#2366;&#2351;&#2360;&#2375;&#2360; &#2325;&#2379;-&#2321;&#2346;&#8204;.&#2360;&#2379; &#2319;&#2360; &#2319;&#2360; &#2344;&#2366;&#2312;&#2325;',NULL),(297,'Bhosari','1100102225','&#2357;&#2367;&#2358;&#2381;&#2357;&#2375;&#2358;&#2381;&#2357;&#2352; &#2311;&#2306;&#2337;.&#2346;&#2381;&#2352;&#2367;&#2350;&#2366;&#2351;&#2360;&#2375;&#2360; &#2325;&#2379;-&#2321;&#2346;&#8204;.&#2360;&#2379; &#2319;&#2360; &#2319;&#2360; &#2360;&#2366;&#2326;&#2352;&#2375;',NULL),(298,'Bhosari','1100102226','&#2357;&#2367;&#2358;&#2381;&#2357;&#2375;&#2358;&#2381;&#2357;&#2352; &#2311;&#2306;&#2337;.&#2346;&#2381;&#2352;&#2367;&#2350;&#2366;&#2351;&#2360;&#2375;&#2360; &#2325;&#2379;-&#2321;&#2346;&#8204;.&#2360;&#2379; &#2319;&#2360; &#2319;&#2360; &#2360;&#2366;&#2326;&#2352;&#2375;',NULL),(299,'Bhosari','1100102227','&#2357;&#2367;&#2358;&#2381;&#2357;&#2375;&#2358;&#2381;&#2357;&#2352; &#2311;&#2306;&#2337;.&#2346;&#2381;&#2352;&#2367;&#2350;&#2366;&#2351;&#2360;&#2375;&#2360; &#2325;&#2379;-&#2321;&#2346;&#8204;.&#2360;&#2379; &#2319;&#2354; &#2325;&#2375; &#2347;&#2342;&#2366;&#2354;&#2375;',NULL),(300,'Bhosari','1100102228','&#2357;&#2367;&#2358;&#2381;&#2357;&#2375;&#2358;&#2381;&#2357;&#2352; &#2311;&#2306;&#2337;.&#2346;&#2381;&#2352;&#2367;&#2350;&#2366;&#2351;&#2360;&#2375;&#2360; &#2325;&#2379;-&#2321;&#2346;&#8204;.&#2360;&#2379; &#2330;&#2380;&#2343;&#2352;&#2368; &#2350;&#2375;&#2335;&#2354; &#2311;&#2306;&#2337;&#2367;&#2351;&#2366;',NULL),(301,'Bhosari','1100102229','&#2357;&#2367;&#2358;&#2381;&#2357;&#2375;&#2358;&#2381;&#2357;&#2352; &#2311;&#2306;&#2337;.&#2346;&#2381;&#2352;&#2367;&#2350;&#2366;&#2351;&#2360;&#2375;&#2360; &#2325;&#2379;-&#2321;&#2346;&#8204;.&#2360;&#2379; &#2357;&#2366;&#2351; &#2319;&#2350; &#2346;&#2366;&#2335;&#2368;&#2354;',NULL),(302,'Bhosari','1100102230','&#2357;&#2367;&#2358;&#2381;&#2357;&#2375;&#2358;&#2381;&#2357;&#2352; &#2311;&#2306;&#2337;.&#2346;&#2381;&#2352;&#2367;&#2350;&#2366;&#2351;&#2360;&#2375;&#2360; &#2325;&#2379;-&#2321;&#2346;&#8204;.&#2360;&#2379; &#2332;&#2375; &#2348;&#2368; &#2346;&#2366;&#2354;&#2366;&#2306;&#2337;&#2375;',NULL),(303,'Bhosari','1100102231','&#2357;&#2367;&#2358;&#2381;&#2357;&#2375;&#2358;&#2381;&#2357;&#2352; &#2311;&#2306;&#2337;.&#2346;&#2381;&#2352;&#2367;&#2350;&#2366;&#2351;&#2360;&#2375;&#2360; &#2325;&#2379;-&#2321;&#2346;&#8204;.&#2360;&#2379; &#2319;&#2360; &#2319;&#2360; &#2346;&#2376;&#2336;&#2339;&#2325;&#2352;',NULL),(304,'Bhosari','1100102232','&#2357;&#2367;&#2358;&#2381;&#2357;&#2375;&#2358;&#2381;&#2357;&#2352; &#2311;&#2306;&#2337;.&#2346;&#2381;&#2352;&#2367;&#2350;&#2366;&#2351;&#2360;&#2375;&#2360; &#2325;&#2379;-&#2321;&#2346;&#8204;.&#2360;&#2379; &#2319;&#2360; &#2337;&#2368; &#2346;&#2376;&#2336;&#2339;&#2325;&#2352;',NULL),(305,'Bhosari','1100102233','&#2357;&#2367;&#2358;&#2381;&#2357;&#2375;&#2358;&#2381;&#2357;&#2352; &#2311;&#2306;&#2337;.&#2346;&#2381;&#2352;&#2367;&#2350;&#2366;&#2351;&#2360;&#2375;&#2360; &#2325;&#2379;-&#2321;&#2346;&#8204;.&#2360;&#2379; &#2319; &#2319;&#2344; &#2348;&#2344;&#2325;&#2352;',NULL),(306,'Bhosari','1100102234','&#2357;&#2367;&#2358;&#2381;&#2357;&#2375;&#2358;&#2381;&#2357;&#2352; &#2311;&#2306;&#2337;.&#2346;&#2381;&#2352;&#2367;&#2350;&#2366;&#2351;&#2360;&#2375;&#2360; &#2325;&#2379;-&#2321;&#2346;&#8204;.&#2360;&#2379; &#2319; &#2319;&#2344; &#2348;&#2344;&#2325;&#2352;',NULL),(307,'Bhosari','1100102235','&#2357;&#2367;&#2358;&#2381;&#2357;&#2375;&#2358;&#2381;&#2357;&#2352; &#2311;&#2306;&#2337;.&#2346;&#2381;&#2352;&#2367;&#2350;&#2366;&#2351;&#2360;&#2375;&#2360; &#2325;&#2379;-&#2321;&#2346;&#8204;.&#2360;&#2379; &#2319; &#2348;&#2368; &#2346;&#2366;&#2354;&#2366;&#2306;&#2337;&#2375;',NULL),(308,'Bhosari','1100102236','&#2357;&#2367;&#2358;&#2381;&#2357;&#2375;&#2358;&#2381;&#2357;&#2352; &#2311;&#2306;&#2337;.&#2346;&#2381;&#2352;&#2367;&#2350;&#2366;&#2351;&#2360;&#2375;&#2360; &#2325;&#2379;-&#2321;&#2346;&#8204;.&#2360;&#2379; &#2351;&#2369;&#2344;&#2368;&#2360;&#2379;&#2352;&#2381;&#2360;&#2381; &#2321;&#2335;&#2379;&#2350;&#2375;&#2358;&#2344; &#2346;&#2381;&#2352;&#2366; &#2354;&#2367;',NULL),(309,'Bhosari','1100102237','&#2357;&#2367;&#2358;&#2381;&#2357;&#2375;&#2358;&#2381;&#2357;&#2352; &#2311;&#2306;&#2337;.&#2346;&#2381;&#2352;&#2367;&#2350;&#2366;&#2351;&#2360;&#2375;&#2360; &#2325;&#2379;-&#2321;&#2346;&#8204;.&#2360;&#2379; &#2360;&#2369;&#2350;&#2367;&#2340; &#2319;&#2306;&#2335;&#2352;&#2346;&#2381;&#2352;&#2366;&#2351;&#2332;&#2375;&#2360;',NULL),(310,'Bhosari','1100102238','&#2357;&#2367;&#2358;&#2381;&#2357;&#2375;&#2358;&#2381;&#2357;&#2352; &#2311;&#2306;&#2337;.&#2346;&#2381;&#2352;&#2367;&#2350;&#2366;&#2351;&#2360;&#2375;&#2360; &#2325;&#2379;-&#2321;&#2346;&#8204;.&#2360;&#2379; &#2360;&#2369;&#2350;&#2367;&#2340; &#2319;&#2306;&#2335;&#2352;&#2346;&#2381;&#2352;&#2366;&#2351;&#2332;&#2375;&#2360;',NULL),(311,'Bhosari','1100102239','&#2357;&#2367;&#2358;&#2381;&#2357;&#2375;&#2358;&#2381;&#2357;&#2352; &#2311;&#2306;&#2337;.&#2346;&#2381;&#2352;&#2367;&#2350;&#2366;&#2351;&#2360;&#2375;&#2360; &#2325;&#2379;-&#2321;&#2346;&#8204;.&#2360;&#2379; &#2319; &#2319; &#2348;&#2379;&#2352;&#2366;',NULL),(312,'Bhosari','1100102240','&#2357;&#2367;&#2358;&#2381;&#2357;&#2375;&#2358;&#2381;&#2357;&#2352; &#2311;&#2306;&#2337;.&#2346;&#2381;&#2352;&#2367;&#2350;&#2366;&#2351;&#2360;&#2375;&#2360; &#2325;&#2379;-&#2321;&#2346;&#8204;.&#2360;&#2379; &#2319;&#2360; &#2319;&#2350; &#2325;&#2366;&#2355;&#2375;',NULL),(313,'Bhosari','1100102241','&#2357;&#2367;&#2358;&#2381;&#2357;&#2375;&#2358;&#2381;&#2357;&#2352; &#2311;&#2306;&#2337;.&#2346;&#2381;&#2352;&#2367;&#2350;&#2366;&#2351;&#2360;&#2375;&#2360; &#2325;&#2379;-&#2321;&#2346;&#8204;.&#2360;&#2379; &#2348;&#2368; &#2310;&#2352; &#2342;&#2375;&#2357;&#2325;&#2352;',NULL),(314,'Bhosari','1100102242','&#2357;&#2367;&#2332;&#2351;&#2366;&#2344;&#2306;&#2342; &#2332;&#2381;&#2334;&#2366;&#2344;&#2342;&#2375;&#2357; &#2332;&#2327;&#2340;&#2366;&#2346;, &#2350;&#2306;&#2327;&#2354; &#2357;&#2367;&#2332;&#2351;&#2366;&#2344;&#2306;&#2342; &#2332;&#2327;&#2340;&#2366;&#2346;',NULL),(315,'Bhosari','1100102243','&#2357;&#2367;&#2358;&#2381;&#2357;&#2375;&#2358;&#2381;&#2357;&#2352; &#2311;&#2306;&#2337;.&#2346;&#2381;&#2352;&#2367;&#2350;&#2366;&#2351;&#2360;&#2375;&#2360; &#2325;&#2379;-&#2321;&#2346;&#8204;.&#2360;&#2379; &#2319; &#2357;&#2381;&#2361;&#2368; &#2358;&#2367;&#2340;&#2379;&#2355;&#2375;',NULL),(316,'Bhosari','1100102244','&#2357;&#2367;&#2358;&#2381;&#2357;&#2375;&#2358;&#2381;&#2357;&#2352; &#2311;&#2306;&#2337;.&#2346;&#2381;&#2352;&#2367;&#2350;&#2366;&#2351;&#2360;&#2375;&#2360; &#2325;&#2379;-&#2321;&#2346;&#8204;.&#2360;&#2379; &#2360;&#2366;&#2327;&#2352; &#2311;&#2306;&#2332;&#2367;&#2344;&#2368;&#2309;&#2352;&#2381;&#2360;',NULL),(317,'Bhosari','1100102245','&#2357;&#2367;&#2358;&#2381;&#2357;&#2375;&#2358;&#2381;&#2357;&#2352; &#2311;&#2306;&#2337;.&#2346;&#2381;&#2352;&#2367;&#2350;&#2366;&#2351;&#2360;&#2375;&#2360; &#2325;&#2379;-&#2321;&#2346;&#8204;.&#2360;&#2379; &#2357;&#2381;&#2361;&#2368; &#2319;&#2360; &#2358;&#2367;&#2306;&#2342;&#2375;',NULL),(318,'Bhosari','1100102246','&#2357;&#2367;&#2358;&#2381;&#2357;&#2375;&#2358;&#2381;&#2357;&#2352; &#2311;&#2306;&#2337;.&#2346;&#2381;&#2352;&#2367;&#2350;&#2366;&#2351;&#2360;&#2375;&#2360; &#2325;&#2379;-&#2321;&#2346;&#8204;.&#2360;&#2379; &#2319;&#2330; &#2319;&#2360; &#2341;&#2379;&#2352;&#2357;&#2375;',NULL),(319,'Bhosari','1100102247','&#2357;&#2367;&#2358;&#2381;&#2357;&#2375;&#2358;&#2381;&#2357;&#2352; &#2311;&#2306;&#2337;.&#2346;&#2381;&#2352;&#2367;&#2350;&#2366;&#2351;&#2360;&#2375;&#2360; &#2325;&#2379;-&#2321;&#2346;&#8204;.&#2360;&#2379; &#2357;&#2381;&#2361;&#2368; &#2310;&#2352; &#2325;&#2366;&#2330;&#2368;',NULL),(320,'Bhosari','1100102248','&#2357;&#2367;&#2358;&#2381;&#2357;&#2375;&#2358;&#2381;&#2357;&#2352; &#2311;&#2306;&#2337;.&#2346;&#2381;&#2352;&#2367;&#2350;&#2366;&#2351;&#2360;&#2375;&#2360; &#2325;&#2379;-&#2321;&#2346;&#8204;.&#2360;&#2379; &#2319;&#2344; &#2332;&#2375; &#2357;&#2366;&#2312;&#2325;&#2352;',NULL),(321,'Bhosari','1100102249','&#2357;&#2367;&#2358;&#2381;&#2357;&#2375;&#2358;&#2381;&#2357;&#2352; &#2311;&#2306;&#2337;.&#2346;&#2381;&#2352;&#2367;&#2350;&#2366;&#2351;&#2360;&#2375;&#2360; &#2325;&#2379;-&#2321;&#2346;&#8204;.&#2360;&#2379; &#2360;&#2368; &#2332;&#2375; &#2360;&#2375;&#2344;',NULL),(322,'Bhosari','1100102250','&#2358;&#2381;&#2352;&#2368;. &#2357;&#2367;&#2332;&#2351; &#2346;&#2381;&#2352;&#2354;&#2381;&#2361;&#2366;&#2342; &#2348;-&#2361;&#2366;&#2335;&#2375;',NULL),(323,'Bhosari','1100102251','&#2358;&#2381;&#2352;&#2368;. &#2327;&#2339;&#2375;&#2358; &#2346;&#2381;&#2352;&#2349;&#2366;&#2325;&#2352; &#2346;&#2366;&#2335;&#2367;&#2354;',NULL),(324,'Bhosari','1100102252','&#2340;&#2366;&#2352;&#2366; &#2335;&#2370;&#2354;&#2381;&#2360; &#2346;&#2381;&#2352;&#2379; &#2346;&#2381;&#2352;&#2366; &#2309;&#2357;&#2367;&#2344;&#2366;&#2358; &#2357;&#2366;&#2350;&#2344; &#2350;&#2344;&#2325;&#2352;',NULL),(325,'Bhosari','1100102253','&#2309;&#2348;&#2381;&#2348;&#2366;&#2360; &#2352;&#2360;&#2369;&#2354;&#2349;&#2366;&#2312; &#2313;&#2325;&#2366;&#2344;&#2368;',NULL),(326,'Bhosari','1100102254','&#2350;&#2375;. &#2360;&#2367;&#2306;&#2325;&#2381;&#2352;&#2379;&#2357;&#2375;&#2354; &#2311;&#2306;&#2332;&#2367;&#2344;&#2367;&#2309;&#2352;&#2381;&#2360;',NULL),(327,'Bhosari','1100102255','&#2358;&#2381;&#2352;&#2368;. &#2358;&#2367;&#2357;&#2366;&#2332;&#2368; &#2311;&#2352;&#2348;&#2360;&#2346;&#2381;&#2346;&#2366; &#2310;&#2327;&#2381;&#2352;&#2375;',NULL),(328,'Bhosari','1100102256','&#2358;&#2366;&#2352;&#2342;&#2366; &#2311;&#2306;&#2337;.',NULL),(329,'Bhosari','1100102257','&#2360;&#2306;&#2325;&#2354;&#2381;&#2346; &#2360;&#2381;&#2335;&#2368;&#2354;&#2335;&#2375;&#2325; &#2325;&#2377;&#2352;&#2381;&#2346;&#2379;&#2352;&#2375;&#2358;&#2344; &#2346;&#2381;&#2352;&#2366; &#2354;&#2367;',NULL),(330,'Bhosari','1100102258','&#2350;&#2375;.&#2319;&#2360; &#2346;&#2368; &#2311;&#2306;&#2332;&#2367;.&#2346;&#2381;&#2352;&#2379;.&#2346;&#2381;&#2352;&#2325;&#2366;&#2358; &#2343;&#2379; &#2346;&#2366;&#2335;&#2368;&#2354;',NULL),(331,'Bhosari','1100102259','&#2350;&#2375; &#2350;&#2367;&#2344;&#2357;&#2375;&#2354; &#2311;&#2306;&#2335;&#2352;&#2346;&#2381;&#2352;&#2366;&#2351;&#2332;&#2375;&#2360;',NULL),(332,'Bhosari','1100102260','&#2350;&#2375; &#2346;&#2381;&#2352;&#2367;&#2360;&#2367;&#2332;&#2344; &#2311;&#2306;&#2332;&#2367;&#2344;&#2368;&#2309;&#2352;&#2368;&#2306;&#2327;',NULL),(333,'Bhosari','1100102261','&#2360;&#2367;&#2342;&#2381;&#2343;&#2375;&#2358;&#2381;&#2357;&#2352; &#2311;&#2306;&#2337;&#2360;&#2381;&#2335;&#2381;&#2352;&#2367;&#2351;&#2354; &#2346;&#2381;&#2352;&#2367;&#2350;&#2366; &#2325;&#2379;-&#2321; &#2360;&#2379; &#2350;&#2352;&#2381;&#2351;&#2366; &#2350;&#2375; &#2349;&#2370;&#2350;&#2368; &#2361;&#2366;&#2351; &#2335;&#2375;&#2325;',NULL),(334,'Bhosari','1100102262','&#2350;&#2375;. &#2325;&#2377;&#2335;&#2350;&#2373;&#2325; &#2311;&#2354;&#2375;&#2325;&#2381;&#2335;&#2381;&#2352;&#2377;&#2344;&#2367;&#2325;&#2381;&#2360; &#2346;&#2381;&#2352;&#2366; &#2354;&#2367;.',NULL),(335,'Bhosari','1100102263','&#2350;&#2375;. &#2350;&#2380;&#2360;&#2350; &#2311;&#2306;&#2337; &#2349;&#2379;- &#2360;&#2306;&#2332;&#2351; &#2358;&#2367;&#2306;&#2342;&#2375; / &#2357;&#2367;&#2358;&#2366;&#2354; &#2350;&#2366;&#2306;&#2342;&#2367;&#2354;&#2325;&#2352;',NULL),(336,'Bhosari','1100102264','&#2350;&#2375;. &#2332;&#2375; &#2346;&#2368; &#2398;&#2373;&#2348;&#2381;&#2352;&#2367;&#2325;&#2375;&#2335;&#2352;&#2381;&#2360; &#2319;&#2344;&#2381;&#2337; &#2311;&#2306;&#2332;&#2367;. &#2346;&#2381;&#2352;&#2366;. &#2354;&#2367;.',NULL),(337,'Bhosari','1100102265','&#2350;&#2375;. &#2348;&#2381;&#2352;&#2366;&#2312;&#2335; &#2311;&#2306;&#2332;&#2367;&#2344;&#2367;&#2309;&#2352;&#2381;&#2360;',NULL),(338,'Bhosari','1100102266','&#2350;&#2375;. &#2344;&#2367;&#2352;&#2332; &#2311;&#2306;&#2332;&#2367;&#2344;&#2367;&#2309;&#2352;&#2367;&#2306;&#2327; &#2357;&#2352;&#2381;&#2325;&#2381;&#2360;.',NULL),(339,'Bhosari','1100102267','&#2350;&#2375;. &#2311;&#2306;&#2337;&#2360;&#2381;&#2335;&#2381;&#2352;&#2367;&#2351;&#2354; &#2319;&#2344;. &#2337;&#2367;. &#2335;&#2367; &#2319;&#2344;&#2381;&#2337; &#2311;&#2306;&#2360;&#2381;&#2346;&#2375;&#2306;&#2325;&#2381;&#2358;&#2344; &#2360;&#2352;&#2381;&#2357;&#2367;&#2360;&#2375;&#2360;',NULL),(340,'Bhosari','1100102268','&#2349;&#2379;&#2327;- &#2350;&#2375;. &#2335;&#2369;&#2354; - &#2335;&#2375;&#2325; &#2346;&#2381;&#2352;&#2379;. &#2346;&#2381;&#2352;&#2366; &#2360;&#2366;&#2348;&#2369; &#2350;&#2373;&#2341;&#2381;&#2351;&#2369;',NULL),(341,'Bhosari','1100102269','&#2358;&#2381;&#2352;&#2368; &#2350;&#2361;&#2375;&#2342;&#2381;&#2352;&#2360;&#2367;&#2306;&#2361; &#2330;&#2306;&#2342;&#2344;&#2360;&#2367;&#2306;&#2361; &#2352;&#2366;&#2336;&#2379;&#2337;',NULL),(342,'Bhosari','1100102270','&#2358;&#2381;&#2352;&#2368; &#2360;&#2350;&#2368;&#2352; &#2332;&#2351;&#2352;&#2366;&#2350; &#2357; &#2360;&#2381;&#2357;&#2366;&#2340;&#2368; &#2360;&#2350;&#2368;&#2352; &#2350;&#2369;&#2352;&#2325;&#2352;',NULL),(343,'Bhosari','1100102271','&#2358;&#2381;&#2352;&#2368;&#2350;. &#2360;&#2381;&#2344;&#2375;&#2361;&#2366; &#2342;&#2367;&#2354;&#2368;&#2346; &#2327;&#2379;&#2360;&#2366;&#2357;&#2368;',NULL),(344,'Bhosari','1100102272','&#2358;&#2381;&#2352;&#2368;. &#2309;&#2325;&#2381;&#2359;&#2351; &#2342;&#2367;&#2354;&#2367;&#2346; &#2327;&#2379;&#2360;&#2366;&#2357;&#2368;',NULL),(345,'Bhosari','1100102273','&#2358;&#2381;&#2352;&#2368; &#2313;&#2350;&#2375;&#2358; &#2348;&#2366;&#2332;&#2367;&#2352;&#2366;&#2357; &#2344;&#2354;&#2366;&#2357;&#2337;&#2375;',NULL),(346,'Bhosari','1100102274','&#2358;&#2381;&#2352;&#2368; &#2325;&#2367;&#2358;&#2379;&#2352; &#2325;&#2306;&#2337;&#2354;&#2368;&#2325; &#2325;&#2369;&#2306;&#2349;&#2366;&#2352;',NULL),(347,'Bhosari','1100102275','&#2358;&#2381;&#2352;&#2368; &#2357;&#2367;&#2332;&#2351; &#2344;&#2367;&#2357;&#2381;&#2352;&#2369;&#2340;&#2368; &#2357; &#2332;&#2379;&#2340;&#2368; &#2357;&#2367;&#2332;&#2351; &#2357;&#2366;&#2352;&#2328;&#2337;&#2375;',NULL),(348,'Bhosari','1100102276','&#2349;&#2379;&#2327;. &#2349;&#2344;&#2381;&#2360;&#2366;&#2354;&#2368; &#2330;&#2306;&#2342;&#2344;&#2350;&#2354; &#2361;&#2306;&#2332;&#2352;&#2368;&#2350;&#2354;&#2332;&#2368;',NULL),(349,'Bhosari','1100102277','&#2337;&#2366;&#2351;&#2360; &#2360;&#2368; &#2335;&#2369;&#2354;&#2381;&#2360; &#2309;&#2305;&#2337; &#2325;&#2306;&#2350;&#2381;&#2346;&#2379;&#2344;&#2306;&#2335;&#2381;&#2360;',NULL),(350,'Bhosari','1100102278','&#2358;&#2381;&#2352;&#2368;&#2350;. &#2325;&#2352;&#2369;&#2339;&#2366; &#2360;&#2367;&#2342;&#2381;&#2352;&#2366;&#2350; &#2325;&#2366;&#2306;&#2348;&#2355;&#2375; &#2357; &#2360;&#2367;&#2342;&#2381;&#2352;&#2366;&#2350; &#2357;&#2367;&#2359;&#2381;&#2339;&#2369; &#2325;&#2366;&#2306;&#2348;&#2355;&#2375;',NULL),(351,'Bhosari','1100102279','&#2350;&#2375;. &#2312;&#2360;&#2381;&#2335;&#2368;&#2350; &#2311;&#2306;&#2332;&#2367;&#2344;&#2367;&#2309;&#2352;&#2381;&#2360; &#2346;&#2381;&#2352;&#2379;.&#2346;&#2381;&#2352;&#2366;. &#2319;&#2350;.&#2319;&#2344;&#817; &#2327;&#2339;&#2327;&#2375;/&#2337;&#2367;.&#2325;&#2375;.&#2325;&#2339;&#2360;&#2375;',NULL),(352,'Bhosari','1100102280','&#2349;&#2379;&#2327;- &#2350;&#2375;. &#2358;&#2366;&#2354;&#2381;&#2350;&#2354;&#2368; &#2346;&#2381;&#2354;&#2366;&#2360;&#2381;&#2335;&#2367;&#2325; &#2346;&#2381;&#2352;&#2379;&#2337;&#2325;&#2381;&#2335;&#2381;&#2360;.',NULL),(353,'Bhosari','1100102281','&#2350;&#2375;. &#2323;&#2350; &#2360;&#2366;&#2312; &#2311;&#2306;&#2337; &#2346;&#2381;&#2352;&#2367;&#2350;&#2366;. &#2349;&#2379;. &#2350;&#2375;. &#2325;&#2375;&#8205;&#8205;. &#2332;&#2375;. &#2311;&#2306;&#2332;&#2367;&#2344;&#2367;&#2309;&#2352;&#2367;&#2306;&#2327; &#2357;&#2352;&#2381;&#2325;&#2381;&#2360;',NULL),(354,'Bhosari','1100102282','&#2350;&#2375; &#2357;&#2379;&#2337;&#2366;&#2347;&#2379;&#2344;&#2375;&#2360;&#2352; &#2360;&#2375;&#2354;&#2381;&#2351;&#2369;&#2354;&#2352; &#2354;&#2367; &#2349;&#2379; &#2360;&#2369;&#2343;&#2366;&#2352;&#2375; &#2346;&#2381;&#2352;&#2354;&#2381;&#2361;&#2366;&#2342; &#2360;&#2379;&#2346;&#2366;&#2344;',NULL),(355,'Bhosari','1100102283','&#2350;&#2375;. &#2360;&#2369;&#2306;&#2336;&#2357;&#2366;&#2354; &#2311;&#2306;&#2332;&#2367;&#2344;&#2367;&#2309;&#2352;&#2367;&#2306;&#2327; &#2357;&#2352;&#2381;&#2325;&#2381;&#2360;.',NULL),(356,'Bhosari','1100102284','&#2350;&#2375;. &#2337;&#2366;&#2351;&#2344;&#2366;&#2350;&#2367;&#2325; &#2311;&#2306;&#2337;&#2360;&#2381;&#2335;&#2381;&#2352;&#2367;&#2332; &#2340;&#2352;&#2381;&#2347;&#2375; &#2349;&#2366;&#2327;- &#2309;&#2350;&#2367;&#2344; &#2354;&#2326;&#2366;&#2344;&#2368; / &#2360;&#2379;&#2347;&#2367; &#2348;&#2342;&#2366;&#2350;&#2368;',NULL),(357,'Bhosari','1100102285','&#2327;&#2352;&#2368;&#2360;&#2344; &#2319;&#2306;&#2335;&#2381;&#2352;&#2381;&#2352;&#2381;&#2352;&#2381;&#2352;&#2381;&#2346;&#2381;&#2352;&#2366;&#2351;&#2332;&#2375;&#2360;',NULL),(358,'Bhosari','1100102286','&#2350;&#2375;. &#2360;&#2367;&#2342;&#2381;&#2343;&#2367;&#2357;&#2367;&#2344;&#2366;&#2351;&#2325; &#2311;&#2306;&#2332;&#2367;. &#2340;&#2352;&#2381;&#2347;&#2375; &#2349;&#2370;&#2359;&#2339; &#2346;&#2366;&#2330;&#2366;&#2352;&#2381;&#2339;&#2375; &#2357; &#2352;&#2367;&#2340;&#2375;&#2358; &#2348;&#2367;&#2346;&#2366;&#2344;&#2368;',NULL),(359,'Bhosari','1100102287','&#2350;&#2375;. &#2319;&#2360;. &#2310;&#2352;. &#2311;&#2306;&#2332;&#2367;&#2344;&#2367;&#2309;&#2352;&#2367;&#2306;&#2327; &#2340;&#2352;&#2381;&#2347;&#2375;- &#2360;&#2330;&#2367;&#2344; &#2325;&#2379;&#2352;&#2346;&#2375; &#2357; &#2357;&#2367;&#2344;&#2379;&#2342;&#2367;&#2344;&#2368; &#2325;&#2379;&#2352;&#2346;&#2375;',NULL),(360,'Bhosari','1100102288','&#2350;&#2375;. &#2350;&#2343;&#2369;&#2325;&#2352; &#2335;&#2381;&#2352;&#2375;&#2337;&#2367;&#2306;&#2327; &#2349;&#2379;. &#2346;&#2368;. &#2346;&#2368;. &#2348;&#2366;&#2348;&#2352;',NULL),(361,'Bhosari','1100102289','&#2350;&#2375;. &#2319;&#2360; &#2357;&#2381;&#2361;&#2368; &#2319;&#2306;&#2335;&#2352;&#2346;&#2381;&#2352;&#2366;&#2351;&#2332;&#2375;&#2360; &#2340;&#2352;&#2381;&#2347;&#2375; &#2340;&#2367;&#2352;&#2369;&#2350;&#2354; &#2357;&#2375;&#2306;&#2325;&#2335;&#2351;&#2366; &#2350;&#2337;&#2368;&#2346;&#2354;&#2381;&#2354;&#2368;',NULL),(362,'Bhosari','1100102290','&#2358;&#2381;&#2352;&#2368;&#2350;. &#2358;&#2366;&#2352;&#2342;&#2366; &#2325;&#2376;&#2354;&#2366;&#2360; &#2327;&#2366;&#2357;&#2337;&#2375; &#2349;&#2379;. &#2319; &#2319;&#2350; &#2311;&#2306;&#2332;&#2367;&#2344;&#2367;&#2309;&#2352;&#2381;&#2360; &#2340;&#2352;&#2381;&#2347;&#2375; &#2350;&#2325;&#2352;&#2306;&#2342; &#2327;&#2366;&#2351;&#2325;&#2357;&#2366;&#2337; /&#2346;&#2379;&#2335;&#2328;&#2344;/ &#2350;&#2369;&#2325;&#2369;&#2306;&#2342; &#2327;&#2366;&#2351;&#2325;&#2357;&#2366;&#2337;',NULL),(363,'Bhosari','1100102291','&#2358;&#2381;&#2352;&#2368;&#2350;. &#2354;&#2325;&#2381;&#2359;&#2381;&#2350;&#2368;&#2348;&#2366;&#2312; &#2325;&#2366;&#2306;&#2348;&#2355;&#2375; &#2349;&#2379;. &#2319; &#2319;&#2350; &#2311;&#2306;&#2332;&#2367;&#2344;&#2367;&#2309;&#2352;&#2381;&#2360; &#2340;&#2352;&#2381;&#2347;&#2375; &#2350;&#2325;&#2352;&#2306;&#2342; &#2327;&#2366;&#2351;&#2325;&#2357;&#2366;&#2337; /&#2346;&#2379;&#2335;&#2328;&#2344;/ &#2350;&#2369;&#2325;&#2369;&#2306;&#2342; &#2327;&#2366;&#2351;&#2325;&#2357;&#2366;&#2337;',NULL),(364,'Bhosari','1100102292','&#2358;&#2381;&#2352;&#2368;. &#2325;&#2366;&#2306;&#2348;&#2355;&#2375; &#2350;&#2367;&#2354;&#2367;&#2306;&#2342; &#2348;&#2348;&#2344; &#2349;&#2379;. &#2327;&#2339;&#2375;&#2358; &#2311;&#2306;&#2337;&#2360;&#2381;&#2335;&#2381;&#2352;&#2367;&#2332; &#2340;&#2352;&#2381;&#2347;&#2375; &#2360;&#2306;&#2342;&#2368;&#2346; &#2358;&#2366;&#2306;&#2340;&#2366;&#2352;&#2366;&#2350; &#2352;&#2366;&#2332;&#2375;&#2358;&#2367;&#2352;&#2381;&#2325;&#2375;',NULL),(365,'Bhosari','1100102293','&#2350;&#2375;. &#2357;&#2367;&#2350;&#2354; &#2361;&#2366;&#2352;&#2381;&#2337;&#2357;&#2375;&#2309;&#2352; &#2349;&#2379;. &#2332;&#2368;. &#2310;&#2352;. &#2311;&#2306;&#2337;&#2360;&#2381;&#2335;&#2381;&#2352;&#2367;&#2332; &#2340;&#2352;&#2381;&#2347;&#2375; &#2352;&#2366;&#2332;&#2375;&#2306;&#2342;&#2381;&#2352;&#2360;&#2367;&#2306;&#2327; &#2361;&#2306;&#2360;&#2346;&#2366;&#2354;',NULL),(366,'Bhosari','1100102294','&#2358;&#2381;&#2352;&#2368;&#2350;. &#2360;&#2379;&#2344;&#2366;&#2354;&#2368; &#2309;. &#2325;&#2369;&#2306;&#2332;&#2368;&#2352; &#2349;&#2379;. &#2357;&#2367;&#2358;&#2366;&#2354; &#2327;&#2367;&#2309;&#2352;&#2381;&#2360; &#2340;&#2352;&#2381;&#2347;&#2375;- &#2340;&#2369;&#2355;&#2381;&#2358;&#2368;&#2352;&#2366;&#2350; &#2357;&#2366;&#2328;&#2330;&#2380;&#2352;&#2375;',NULL),(367,'Bhosari','1100102295','&#2350;&#2375;. &#2309;&#2332;&#2367;&#2306;&#2325;&#2381;&#2351; &#2361;&#2366;&#2352;&#2381;&#2337;&#2357;&#2375;&#2309;&#2352; &#2349;&#2379;. &#2348;&#2366;&#2354;&#2366;&#2332;&#2368; &#2352;&#2366;&#2350;&#2344;&#2366;&#2341; &#2350;&#2366;&#2350;&#2367;&#2337;&#2357;&#2366;&#2352;',NULL),(368,'Bhosari','1100102296','&#2358;&#2381;&#2352;&#2368;. &#2352;&#2366;&#2350;&#2342;&#2366;&#2360; &#2348;&#2348;&#2344; &#2358;&#2367;&#2357;&#2354;&#2375; &#2349;&#2379;. &#2343;&#2344;&#2358;&#2381;&#2352;&#2368; &#2348;&#2366;&#2354;&#2366;&#2332;&#2368; &#2350;&#2366;&#2350;&#2367;&#2337;&#2357;&#2366;&#2352;',NULL),(369,'Bhosari','1100102297','&#2358;&#2381;&#2352;&#2368;. &#2360;&#2366;&#2361;&#2375;&#2348;&#2352;&#2366;&#2357; &#2337;&#2368; &#2354;&#2366;&#2306;&#2337;&#2327;&#2375; &#2349;&#2379;. &#2332;&#2351;&#2358;&#2381;&#2352;&#2368; &#2327;&#2339;&#2375;&#2358; &#2354;&#2366;&#2306;&#2337;&#2327;&#2375;',NULL),(370,'Bhosari','1100102298','&#2350;&#2375;. &#2357;&#2367;&#2358;&#2366;&#2354; &#2319;&#2306;&#2335; &#2349;&#2379;. &#2348;&#2366;&#2354;&#2366;&#2332;&#2368; &#2311;&#2306;&#2337;&#2360;&#2381;&#2335;&#2381;&#2352;&#2367;&#2332; &#2340;&#2352;&#2381;&#2347;&#2375; &#2348;&#2366;&#2355;&#2366;&#2360;&#2366;&#2361;&#2375;&#2348; &#2346;&#2357;&#2366;&#2352; &#2357; &#2354;&#2361;&#2369; &#2342;&#2367;&#2325;&#2381;&#2359;&#2368;&#2340;',NULL),(371,'Bhosari','1100102299','&#2350;&#2375;. &#2361;&#2344;&#2369;&#2350;&#2366;&#2344; &#2311;&#2306;&#2337;&#2360;&#2381;&#2335;&#2381;&#2352;&#2367;&#2332; &#2346;&#2381;&#2352;&#2367;&#2350;&#2366;.&#2349;&#2379;. &#2350;&#2375;. &#2309;&#2327;&#2381;&#2352;&#2375;&#2360;&#2344; &#2327;&#2373;&#2360;&#2375;&#2360;',NULL),(372,'Bhosari','1100102300','&#2350;&#2375;. &#2361;&#2344;&#2369;&#2350;&#2366;&#2344; &#2311;&#2306;&#2337;&#2360;&#2381;&#2335;&#2381;&#2352;&#2367;&#2332; &#2346;&#2381;&#2352;&#2367;&#2350;&#2366;.&#2349;&#2379;. &#2350;&#2375;. &#2351;&#2358;&#2379;&#2343;&#2344; &#2311;&#2306;&#2337;&#2360;&#2381;&#2335;&#2381;&#2352;&#2367;&#2332;',NULL);
/*!40000 ALTER TABLE `dms_property_tax` ENABLE KEYS */;
UNLOCK TABLES;

--
-- Table structure for table `dms_select_field_value`
--

DROP TABLE IF EXISTS `dms_select_field_value`;
/*!40101 SET @saved_cs_client     = @@character_set_client */;
/*!40101 SET character_set_client = utf8 */;
CREATE TABLE `dms_select_field_value` (
  `row_id` int(11) NOT NULL AUTO_INCREMENT,
  `select_value` varchar(255) DEFAULT NULL,
  `select_text` varchar(255) DEFAULT NULL,
  `select_field_name` varchar(255) DEFAULT NULL,
  PRIMARY KEY (`row_id`)
) ENGINE=InnoDB AUTO_INCREMENT=19 DEFAULT CHARSET=latin1;
/*!40101 SET character_set_client = @saved_cs_client */;

--
-- Dumping data for table `dms_select_field_value`
--

LOCK TABLES `dms_select_field_value` WRITE;
/*!40000 ALTER TABLE `dms_select_field_value` DISABLE KEYS */;
INSERT INTO `dms_select_field_value` VALUES (1,'2015','2015','year'),(2,'2016','2016','year'),(3,'Pune','Pune','court_name'),(4,'Mumbai','Mumbai','court_name'),(5,'Nashik','Nashik','court_name'),(6,'Akurdi','Akurdi','village_name'),(7,'Bhosri','Bhosri','village_name'),(8,'Chikhli','Chikhli','village_name'),(9,'1','1','gut_no'),(10,'2','2','gut_no'),(11,'3','3','gut_no'),(12,'4','4','gut_no'),(13,'5','5','gut_no'),(14,'6','6','gut_no'),(15,'1/III/4','1/III/4','rack_no'),(16,'2/III/4','2/III/4','rack_no'),(17,'6/II/1','6/II/1','rack_no'),(18,'1/III/1','1/III/1','rack_no');
/*!40000 ALTER TABLE `dms_select_field_value` ENABLE KEYS */;
UNLOCK TABLES;

--
-- Table structure for table `dms_sub_dept`
--

DROP TABLE IF EXISTS `dms_sub_dept`;
/*!40101 SET @saved_cs_client     = @@character_set_client */;
/*!40101 SET character_set_client = utf8 */;
CREATE TABLE `dms_sub_dept` (
  `sub_dept_id` int(11) NOT NULL AUTO_INCREMENT,
  `sub_dept_value` varchar(100) DEFAULT NULL,
  `sub_dept_name` varchar(100) DEFAULT NULL,
  `dept_id` int(11) DEFAULT NULL,
  PRIMARY KEY (`sub_dept_id`),
  KEY `dept_id` (`dept_id`),
  CONSTRAINT `dms_sub_dept_ibfk_1` FOREIGN KEY (`dept_id`) REFERENCES `dms_dept` (`dept_id`) ON DELETE SET NULL ON UPDATE CASCADE
) ENGINE=InnoDB AUTO_INCREMENT=4 DEFAULT CHARSET=latin1;
/*!40101 SET character_set_client = @saved_cs_client */;

--
-- Dumping data for table `dms_sub_dept`
--

LOCK TABLES `dms_sub_dept` WRITE;
/*!40000 ALTER TABLE `dms_sub_dept` DISABLE KEYS */;
INSERT INTO `dms_sub_dept` VALUES (1,'1','ZoneNo',1),(2,'2','ZoneNo',1),(3,'1','ZoneNo',2);
/*!40000 ALTER TABLE `dms_sub_dept` ENABLE KEYS */;
UNLOCK TABLES;

--
-- Table structure for table `my_user`
--

DROP TABLE IF EXISTS `my_user`;
/*!40101 SET @saved_cs_client     = @@character_set_client */;
/*!40101 SET character_set_client = utf8 */;
CREATE TABLE `my_user` (
  `user_id` int(11) NOT NULL,
  `user_name` varchar(100) DEFAULT NULL,
  PRIMARY KEY (`user_id`)
) ENGINE=InnoDB DEFAULT CHARSET=latin1;
/*!40101 SET character_set_client = @saved_cs_client */;

--
-- Dumping data for table `my_user`
--

LOCK TABLES `my_user` WRITE;
/*!40000 ALTER TABLE `my_user` DISABLE KEYS */;
/*!40000 ALTER TABLE `my_user` ENABLE KEYS */;
UNLOCK TABLES;

--
-- Table structure for table `my_user_vikas`
--

DROP TABLE IF EXISTS `my_user_vikas`;
/*!40101 SET @saved_cs_client     = @@character_set_client */;
/*!40101 SET character_set_client = utf8 */;
CREATE TABLE `my_user_vikas` (
  `user_id` int(11) NOT NULL,
  `user_name` varchar(100) DEFAULT NULL,
  PRIMARY KEY (`user_id`)
) ENGINE=InnoDB DEFAULT CHARSET=latin1;
/*!40101 SET character_set_client = @saved_cs_client */;

--
-- Dumping data for table `my_user_vikas`
--

LOCK TABLES `my_user_vikas` WRITE;
/*!40000 ALTER TABLE `my_user_vikas` DISABLE KEYS */;
INSERT INTO `my_user_vikas` VALUES (1,'vikas'),(2,'sagar'),(3,'sujata');
/*!40000 ALTER TABLE `my_user_vikas` ENABLE KEYS */;
UNLOCK TABLES;
/*!40103 SET TIME_ZONE=@OLD_TIME_ZONE */;

/*!40101 SET SQL_MODE=@OLD_SQL_MODE */;
/*!40014 SET FOREIGN_KEY_CHECKS=@OLD_FOREIGN_KEY_CHECKS */;
/*!40014 SET UNIQUE_CHECKS=@OLD_UNIQUE_CHECKS */;
/*!40101 SET CHARACTER_SET_CLIENT=@OLD_CHARACTER_SET_CLIENT */;
/*!40101 SET CHARACTER_SET_RESULTS=@OLD_CHARACTER_SET_RESULTS */;
/*!40101 SET COLLATION_CONNECTION=@OLD_COLLATION_CONNECTION */;
/*!40111 SET SQL_NOTES=@OLD_SQL_NOTES */;

-- Dump completed on 2017-05-30 10:11:23
